timestamp,rule_level,ml_level,final_level,ml_percentile,inj_whp,inj_flow
2024-01-01T00:00:00,GREEN,GREEN,GREEN,43.36663735721969,30.330715435169473,10.431942572033142
2024-01-01T04:00:00,GREEN,GREEN,GREEN,52.63446055132844,39.63857363265116,4.126923948296017
2024-01-01T08:00:00,GREEN,GREEN,RED,58.40084195559365,13.544224318007924,14.604760833180485
2024-01-01T12:00:00,GREEN,GREEN,GREEN,14.485815199549872,34.174835225702715,10.281388131231536
2024-01-01T16:00:00,RED,GREEN,GREEN,99.43895926506535,2.0600058139510766,4.897353571175541
2024-01-01T20:00:00,GREEN,GREEN,GREEN,11.164890753879124,33.752609565385484,14.845748468332026
2024-01-02T00:00:00,GREEN,GREEN,GREEN,57.360319686389104,40.63783692579792,4.958754872646462
2024-01-02T04:00:00,GREEN,GREEN,GREEN,59.66453838311021,1.889706679173604,1.0038462537357662
2024-01-02T08:00:00,GREEN,GREEN,GREEN,90.63679114228316,29.93752286086727,8.241127349990773
2024-01-02T12:00:00,RED,GREEN,GREEN,20.055166928046,20.86733516247427,11.550942327565108
2024-01-02T16:00:00,GREEN,GREEN,GREEN,40.42409263724906,26.21362430769741,13.587784510097844
2024-01-02T20:00:00,GREEN,GREEN,GREEN,64.83070687369019,23.082364348112197,10.455000269395839
2024-01-03T00:00:00,GREEN,GREEN,GREEN,81.28427708817087,31.298238702809662,8.704888416710661
2024-01-03T04:00:00,GREEN,GREEN,GREEN,55.45667102174273,4.521236115969763,6.4924049035457285
2024-01-03T08:00:00,GREEN,YELLOW,RED,65.64286296938313,12.246568333639654,5.276382539752135
2024-01-03T12:00:00,GREEN,GREEN,GREEN,23.105387877963793,14.874260136903818,10.396074451476103
2024-01-03T16:00:00,GREEN,GREEN,GREEN,40.44251698414635,29.370150748528204,5.9654872518490425
2024-01-03T20:00:00,GREEN,GREEN,YELLOW,73.75942134963256,34.38076022042279,12.841476067586319
2024-01-04T00:00:00,GREEN,GREEN,GREEN,18.500473441121414,27.386772541444465,2.7056179803920326
2024-01-04T04:00:00,GREEN,GREEN,GREEN,36.106885608706136,24.35745587941692,3.585545823548559
2024-01-04T08:00:00,GREEN,GREEN,GREEN,44.87893243707212,7.259200064070378,0.2747539043224301
2024-01-04T12:00:00,GREEN,GREEN,GREEN,88.33217192271427,8.601695991577998,10.61599387912968
2024-01-04T16:00:00,GREEN,GREEN,GREEN,16.751279259668372,0.14079458059991945,11.022957071689929
2024-01-04T20:00:00,RED,YELLOW,YELLOW,45.85333970055718,12.204956214409599,5.035958508566377
2024-01-05T00:00:00,YELLOW,GREEN,GREEN,34.059877118165666,2.955412609561352,2.502295870995423
2024-01-05T04:00:00,GREEN,GREEN,GREEN,53.42207457987588,21.73161761471175,2.5716413563261975
2024-01-05T08:00:00,GREEN,GREEN,GREEN,77.63076140178065,12.785637489202426,2.2828104234472724
2024-01-05T12:00:00,YELLOW,GREEN,GREEN,26.26597447395249,33.02846570778715,1.462010755091994
2024-01-05T16:00:00,YELLOW,GREEN,GREEN,58.558267371063586,22.69512666629721,7.178745535331903
2024-01-05T20:00:00,GREEN,GREEN,GREEN,28.677774783457668,40.035731498762686,14.164201733041612
2024-01-06T00:00:00,GREEN,GREEN,GREEN,13.018075768841555,33.70358534337413,1.017644841927881
2024-01-06T04:00:00,GREEN,GREEN,GREEN,68.20427887216276,9.503551805705774,4.939893753172354
2024-01-06T08:00:00,GREEN,GREEN,GREEN,78.27638157475505,16.569891638021396,9.704126488376962
2024-01-06T12:00:00,GREEN,GREEN,YELLOW,14.661009242111593,43.36877045582834,4.483410224002476
2024-01-06T16:00:00,GREEN,GREEN,GREEN,65.46562750059574,21.31882447929063,13.67338259335683
2024-01-06T20:00:00,YELLOW,GREEN,GREEN,98.43644225419769,21.11442651169666,4.0834996591333335
2024-01-07T00:00:00,YELLOW,GREEN,GREEN,98.93490579868684,21.038432569905112,0.4815243284691312
2024-01-07T04:00:00,YELLOW,GREEN,GREEN,88.38654861797903,17.971018674383057,10.032981149253231
2024-01-07T08:00:00,GREEN,GREEN,GREEN,91.92596093604617,37.17387340503083,11.085058838123087
2024-01-07T12:00:00,RED,GREEN,GREEN,88.10806897868287,14.802855344193292,10.46840595723746
2024-01-07T16:00:00,GREEN,GREEN,GREEN,71.5660488249782,16.232683966362806,14.071679700824397
2024-01-07T20:00:00,GREEN,GREEN,GREEN,12.263345324981696,42.57474642395844,1.6836375252386597
2024-01-08T00:00:00,GREEN,GREEN,GREEN,39.26967497766725,42.18471749679541,0.6798147421145029
2024-01-08T04:00:00,GREEN,GREEN,GREEN,53.72184578263294,38.24918466096929,8.804789809942276
2024-01-08T08:00:00,GREEN,GREEN,GREEN,68.59870246158778,1.8560808690531727,0.5504669107581861
2024-01-08T12:00:00,GREEN,GREEN,GREEN,60.120851318262346,5.976490746635969,11.40472880765715
2024-01-08T16:00:00,GREEN,GREEN,GREEN,59.03040209062221,11.85321485732944,2.7801315828761304
2024-01-08T20:00:00,GREEN,GREEN,YELLOW,33.11350904128392,12.378007801860699,7.670685619207928
2024-01-09T00:00:00,GREEN,GREEN,GREEN,25.86286119742676,15.79685162245002,1.8279981632772713
2024-01-09T04:00:00,GREEN,GREEN,GREEN,52.904406321428624,10.46584592451363,9.051640763625356
2024-01-09T08:00:00,GREEN,GREEN,GREEN,99.83869446247704,28.651131552744967,4.4902991824213325
2024-01-09T12:00:00,GREEN,GREEN,GREEN,43.20998739766113,7.542031780238779,3.306169395076921
2024-01-09T16:00:00,GREEN,GREEN,GREEN,77.76617928141374,13.731532726934152,11.450192220869654
2024-01-09T20:00:00,RED,GREEN,GREEN,37.84929962534739,44.085796530040355,3.4394796490321733
2024-01-10T00:00:00,YELLOW,GREEN,YELLOW,82.41840189202829,25.440953238368817,12.260951767560133
2024-01-10T04:00:00,GREEN,GREEN,YELLOW,45.80497252976649,22.58269743631908,3.725572114186793
2024-01-10T08:00:00,GREEN,YELLOW,GREEN,10.358697022526494,32.78717425898093,1.1372505056438864
2024-01-10T12:00:00,GREEN,GREEN,GREEN,18.347289140337047,28.68095101955981,4.968199944716191
2024-01-10T16:00:00,GREEN,RED,GREEN,75.81136342518715,8.25397900144115,10.94220417858822
2024-01-10T20:00:00,GREEN,GREEN,GREEN,31.96105993569468,28.602113123052177,10.393834442060136
2024-01-11T00:00:00,RED,YELLOW,GREEN,23.08080375646678,43.13720048751895,14.673463163712054
2024-01-11T04:00:00,GREEN,GREEN,GREEN,74.16989416832914,9.772313353036374,11.663318529344993
2024-01-11T08:00:00,GREEN,GREEN,GREEN,65.76150009905894,21.671125659209316,8.269315627787641
2024-01-11T12:00:00,GREEN,YELLOW,GREEN,41.686811384387966,39.444664394094694,9.892200075373733
2024-01-11T16:00:00,YELLOW,GREEN,GREEN,63.86000620527679,38.406014929827506,0.8301286974599958
2024-01-11T20:00:00,GREEN,GREEN,GREEN,37.029854686735675,0.14714728825568568,0.46284560612386505
2024-01-12T00:00:00,GREEN,GREEN,GREEN,76.26113603639394,38.8506813457978,12.020538497252197
2024-01-12T04:00:00,GREEN,GREEN,GREEN,52.15440285622849,37.736756783510735,10.745155851096433
2024-01-12T08:00:00,GREEN,GREEN,YELLOW,24.10219453000662,2.970419410393138,6.781868928470872
2024-01-12T12:00:00,GREEN,GREEN,GREEN,18.07380244595216,15.209661058762308,8.704052087635914
2024-01-12T16:00:00,YELLOW,GREEN,GREEN,17.797473981204334,10.417053941908359,2.9428458189670597
2024-01-12T20:00:00,GREEN,GREEN,GREEN,20.688899932221858,44.55887934080678,4.563290567865933
2024-01-13T00:00:00,GREEN,GREEN,GREEN,24.872334561364767,29.16634666156502,10.557384460157852
2024-01-13T04:00:00,GREEN,GREEN,GREEN,37.53391422935122,9.392808608616079,4.067521579234085
2024-01-13T08:00:00,GREEN,GREEN,GREEN,93.18477480387135,28.25779388257978,8.591488606945289
2024-01-13T12:00:00,GREEN,GREEN,GREEN,13.490496350081237,42.79714993281072,0.6672072876434298
2024-01-13T16:00:00,GREEN,RED,GREEN,90.25445424612974,21.146828432544478,12.765028101430678
2024-01-13T20:00:00,GREEN,GREEN,GREEN,72.46666887255967,33.944212519805376,5.6105335792500135
2024-01-14T00:00:00,GREEN,GREEN,GREEN,48.750568899418276,40.960727915907114,8.885680081091731
2024-01-14T04:00:00,GREEN,GREEN,GREEN,51.53160627356093,30.075354559907154,6.771564163721678
2024-01-14T08:00:00,GREEN,GREEN,GREEN,44.160390793201664,17.582913517790427,5.9743957957529235
2024-01-14T12:00:00,GREEN,GREEN,YELLOW,71.58880557960057,22.50736511356201,6.763459288464862
2024-01-14T16:00:00,GREEN,GREEN,GREEN,60.44944401692959,42.05019238520603,8.95806674872201
2024-01-14T20:00:00,GREEN,GREEN,GREEN,49.88805719928178,16.37202325330629,6.151099905546026
2024-01-15T00:00:00,GREEN,YELLOW,GREEN,92.8567295621187,24.857998436307675,4.837013915460073
2024-01-15T04:00:00,YELLOW,GREEN,GREEN,82.57101479952213,43.79126483362502,0.6620295952290212
2024-01-15T08:00:00,GREEN,RED,GREEN,75.58151308759156,43.15926902377304,0.6093054242948065
2024-01-15T12:00:00,GREEN,YELLOW,RED,10.836635072081238,8.897869176276824,13.206947599382849
2024-01-15T16:00:00,YELLOW,GREEN,GREEN,22.634873358841663,37.536732232498316,13.456480296378553
2024-01-15T20:00:00,GREEN,GREEN,YELLOW,89.6654848217789,30.51304346571092,10.104354198937793
2024-01-16T00:00:00,GREEN,GREEN,GREEN,76.13869617636362,2.329423523287835,2.489237911015612
2024-01-16T04:00:00,GREEN,GREEN,GREEN,52.7455608544624,41.904578541667696,4.629547654686995
2024-01-16T08:00:00,GREEN,GREEN,GREEN,18.811999839546285,43.70211871205898,13.45669324960134
2024-01-16T12:00:00,GREEN,GREEN,GREEN,57.619571742476595,20.302128370366916,0.12973499704502234
2024-01-16T16:00:00,GREEN,GREEN,GREEN,65.62420443091636,13.822529342059843,13.868932667255805
2024-01-16T20:00:00,GREEN,GREEN,GREEN,77.19599310995841,25.90470803063207,8.279151259288318
2024-01-17T00:00:00,GREEN,GREEN,GREEN,64.14062495837416,21.041584717912652,3.250432732459552
2024-01-17T04:00:00,GREEN,GREEN,GREEN,38.28759366272212,28.526565472166634,6.499490399319928
2024-01-17T08:00:00,GREEN,GREEN,GREEN,90.71193297338897,11.164935007681496,7.483489295184759
2024-01-17T12:00:00,GREEN,GREEN,GREEN,31.509827036827154,42.245563497520926,11.608274189897948
2024-01-17T16:00:00,GREEN,GREEN,GREEN,65.28313378567259,23.961651817849503,10.495576001972251
2024-01-17T20:00:00,GREEN,GREEN,GREEN,55.036426936016404,40.24528966517068,13.83371608734884
2024-01-18T00:00:00,GREEN,GREEN,GREEN,40.315580023193355,42.37144565155774,9.491381712425767
2024-01-18T04:00:00,YELLOW,GREEN,GREEN,48.71338917761538,8.65280117171861,14.199503772162036
2024-01-18T08:00:00,GREEN,GREEN,GREEN,33.58817767549066,29.841373391810244,11.942023812893702
2024-01-18T12:00:00,GREEN,GREEN,GREEN,43.937000160863896,41.648524562578864,2.5183747709979576
2024-01-18T16:00:00,GREEN,GREEN,GREEN,57.045848001891564,28.766725699230946,3.2466053355240905
2024-01-18T20:00:00,GREEN,GREEN,GREEN,76.87478047327015,9.086785757048798,11.91219676732446
2024-01-19T00:00:00,GREEN,GREEN,YELLOW,62.73066106669836,9.725925570419255,14.192152835906322
2024-01-19T04:00:00,GREEN,RED,GREEN,88.26489563001087,43.041598030091926,13.460964089408241
2024-01-19T08:00:00,GREEN,GREEN,RED,89.94637204790804,43.802625078200045,10.615414410826922
2024-01-19T12:00:00,YELLOW,GREEN,GREEN,47.41500507731088,19.328331439187185,12.683169843703205
2024-01-19T16:00:00,GREEN,GREEN,GREEN,70.29234363991525,34.15356740186525,9.255890178391024
2024-01-19T20:00:00,GREEN,GREEN,GREEN,76.5216123523605,36.734725834837526,11.63799232364914
2024-01-20T00:00:00,YELLOW,GREEN,YELLOW,26.933056616246052,32.012570972715835,9.730420354658234
2024-01-20T04:00:00,GREEN,GREEN,GREEN,78.84287504788561,16.418194448782575,14.269448052893667
2024-01-20T08:00:00,GREEN,GREEN,GREEN,71.17482182956344,27.010004246700994,11.61030267211135
2024-01-20T12:00:00,GREEN,GREEN,GREEN,22.111369284028044,7.467772332148697,9.421912945109845
2024-01-20T16:00:00,GREEN,GREEN,GREEN,42.8294266340772,22.905169950541325,11.524667149726405
2024-01-20T20:00:00,YELLOW,GREEN,GREEN,73.58573878272637,32.7175175729947,6.281941273213069
2024-01-21T00:00:00,YELLOW,GREEN,GREEN,32.40086625540003,38.704970228832124,12.299451533845339
2024-01-21T04:00:00,GREEN,GREEN,GREEN,77.48992778209752,39.31785236534777,4.43919190672386
2024-01-21T08:00:00,GREEN,GREEN,GREEN,61.490318354236436,16.591135096993575,7.700663432905971
2024-01-21T12:00:00,GREEN,YELLOW,GREEN,17.631617092797242,39.363305042685084,8.46525612908034
2024-01-21T16:00:00,GREEN,GREEN,GREEN,46.04588349307691,20.34415006910269,3.861306616074901
2024-01-21T20:00:00,GREEN,YELLOW,GREEN,82.19162826416337,5.3622561707625085,9.902548385140015
2024-01-22T00:00:00,GREEN,GREEN,GREEN,93.7597577020118,22.201071723097,14.09332566580817
2024-01-22T04:00:00,GREEN,GREEN,GREEN,12.234399571361323,37.93033149939418,8.821763847884919
2024-01-22T08:00:00,GREEN,GREEN,GREEN,94.07464258974115,23.97198521595352,11.555080109513707
2024-01-22T12:00:00,GREEN,GREEN,GREEN,27.238103288532468,23.960771772771427,9.221785697313246
2024-01-22T16:00:00,RED,GREEN,GREEN,19.754234525122897,3.308077852520679,6.065936477637991
2024-01-22T20:00:00,GREEN,GREEN,GREEN,42.79369885913891,29.747652150073222,6.04209274427117
2024-01-23T00:00:00,GREEN,GREEN,GREEN,39.57303658236228,17.81361323627333,2.2178676017908576
2024-01-23T04:00:00,RED,GREEN,YELLOW,19.961819022844963,29.835848137627874,5.074091234948393
2024-01-23T08:00:00,GREEN,YELLOW,GREEN,50.132921094607724,8.945896966826576,3.2698888803183603
2024-01-23T12:00:00,YELLOW,GREEN,GREEN,72.01390340356784,35.469191089674,13.63303660233548
2024-01-23T16:00:00,GREEN,GREEN,GREEN,34.453668127349516,36.055171765890286,7.430678763034729
2024-01-23T20:00:00,GREEN,YELLOW,GREEN,71.18808021747303,0.9513250706256926,8.230727209758884
2024-01-24T00:00:00,GREEN,GREEN,GREEN,61.65361600934768,6.659677261088685,6.58389560499553
2024-01-24T04:00:00,YELLOW,GREEN,GREEN,90.59632988389562,23.07743892880234,10.6487465702895
2024-01-24T08:00:00,GREEN,YELLOW,YELLOW,62.1313196916941,14.283600265499443,0.09811874517632935
2024-01-24T12:00:00,GREEN,GREEN,GREEN,82.02718261756516,24.890646190233333,3.013640875369894
2024-01-24T16:00:00,GREEN,GREEN,YELLOW,95.44843258731164,19.14622829996918,3.440729607466694
2024-01-24T20:00:00,GREEN,GREEN,GREEN,55.34158992592219,5.979139027052161,12.003150991612205
2024-01-25T00:00:00,GREEN,GREEN,GREEN,14.451127399905737,28.692678553601755,14.90166580662554
2024-01-25T04:00:00,GREEN,GREEN,GREEN,37.93277688904545,12.494884207079895,2.5710572277124353
2024-01-25T08:00:00,GREEN,GREEN,YELLOW,68.36495103555853,12.139811089300137,14.280088549258094
2024-01-25T12:00:00,GREEN,GREEN,GREEN,42.6691782939178,4.102072965379703,14.637681937550148
2024-01-25T16:00:00,GREEN,GREEN,RED,96.95023471384569,6.565842030288393,9.397312467421704
2024-01-25T20:00:00,RED,GREEN,YELLOW,37.93354752180835,44.8858022782713,14.89465022964624
2024-01-26T00:00:00,GREEN,GREEN,GREEN,95.2921259301165,43.19230055154753,0.4126526428744298
2024-01-26T04:00:00,GREEN,GREEN,GREEN,77.68191895537794,42.68429042690651,9.846029953918993
2024-01-26T08:00:00,GREEN,GREEN,GREEN,17.559368216881186,20.121513952487632,6.933088257404247
2024-01-26T12:00:00,GREEN,GREEN,GREEN,71.26465584326961,35.27837013670862,14.939629455087356
2024-01-26T16:00:00,GREEN,GREEN,GREEN,18.42386376159073,19.639753922156842,12.25407802685561
2024-01-26T20:00:00,GREEN,GREEN,GREEN,20.350369324500093,12.972253178251094,1.114532564012229
2024-01-27T00:00:00,GREEN,GREEN,YELLOW,33.24335548918419,1.2431510220281576,2.5335263164568294
2024-01-27T04:00:00,GREEN,GREEN,RED,35.169945187604064,17.767430382291415,0.8116414469661237
2024-01-27T08:00:00,GREEN,GREEN,GREEN,15.989280723868188,25.59781849464124,6.163829031535093
2024-01-27T12:00:00,GREEN,GREEN,RED,78.28819354642032,29.239920741762017,4.007007109123655
2024-01-27T16:00:00,GREEN,GREEN,GREEN,73.71364229248682,22.694327020224826,13.372897867159859
2024-01-27T20:00:00,GREEN,GREEN,GREEN,76.00530346207826,5.385673554049861,8.557603374366668
2024-01-28T00:00:00,GREEN,GREEN,GREEN,90.166639825858,2.505117168857915,10.011294102921202
2024-01-28T04:00:00,GREEN,GREEN,YELLOW,88.30480482161673,17.19466081371275,9.31436487123009
2024-01-28T08:00:00,YELLOW,GREEN,GREEN,69.50192842656732,32.66493202349288,4.20308295955191
2024-01-28T12:00:00,GREEN,YELLOW,GREEN,64.46373552736573,28.02163247261173,9.431677551629766
2024-01-28T16:00:00,GREEN,GREEN,GREEN,46.31694668935645,36.183489417941374,4.266000312040543
2024-01-28T20:00:00,GREEN,GREEN,RED,33.69134439446219,12.855047628454994,12.698413631011968
2024-01-29T00:00:00,GREEN,GREEN,GREEN,75.10942059579114,13.570370574452161,2.6457838620071117
2024-01-29T04:00:00,GREEN,GREEN,GREEN,33.18487025761124,29.150025376903038,9.982512089267363
2024-01-29T08:00:00,GREEN,GREEN,GREEN,81.02108622209687,31.385136694304176,1.802359576630802
2024-01-29T12:00:00,GREEN,GREEN,GREEN,99.0118126794904,1.057800917952949,9.112695355421094
2024-01-29T16:00:00,GREEN,GREEN,GREEN,44.175775709832756,24.75876233540829,0.5060143107049586
2024-01-29T20:00:00,GREEN,GREEN,GREEN,24.8953906368478,31.465222677351168,6.203273191467011
2024-01-30T00:00:00,GREEN,GREEN,RED,64.00220106914833,36.04189570134445,4.6341733927478685
2024-01-30T04:00:00,RED,GREEN,YELLOW,11.070137298719457,19.967076308956067,10.343316097712137
2024-01-30T08:00:00,GREEN,GREEN,YELLOW,30.79641434464594,29.68010115675336,4.176909727919277
2024-01-30T12:00:00,GREEN,GREEN,GREEN,93.38027786288656,33.14191633041946,6.156160575465762
2024-01-30T16:00:00,GREEN,GREEN,GREEN,18.330967563238488,3.164476104344089,10.367172103551708
2024-01-30T20:00:00,GREEN,GREEN,GREEN,67.56582274440267,16.522700021277835,4.708533633286012
2024-01-31T00:00:00,GREEN,GREEN,GREEN,69.33854174432258,23.418557538906242,1.5049525524669298
2024-01-31T04:00:00,GREEN,GREEN,YELLOW,33.06008402310227,16.280664745632798,10.301302080263845
2024-01-31T08:00:00,GREEN,GREEN,GREEN,50.97627879025465,25.556643791131282,13.329305731907432
2024-01-31T12:00:00,GREEN,GREEN,GREEN,28.298421063362877,18.184677003182582,12.927894501853544
2024-01-31T16:00:00,GREEN,GREEN,GREEN,65.7723427059623,44.93113075208836,7.597661758343546
2024-01-31T20:00:00,GREEN,GREEN,GREEN,56.66521538506663,0.10083696150428811,12.172676895621683
2024-02-01T00:00:00,GREEN,GREEN,GREEN,51.03828835164016,31.05163469083596,14.171437872215103
2024-02-01T04:00:00,GREEN,YELLOW,GREEN,38.9577236362723,44.246194556771115,10.052519402665157
2024-02-01T08:00:00,GREEN,GREEN,GREEN,48.899517491417264,12.983097392804888,14.28759377392827
2024-02-01T12:00:00,YELLOW,GREEN,YELLOW,81.33837273859379,9.500384386796094,14.993509157546834
2024-02-01T16:00:00,GREEN,GREEN,GREEN,63.7930615466203,36.64952947950278,10.835797446837917
2024-02-01T20:00:00,GREEN,GREEN,GREEN,28.08835659854335,31.6263029091364,8.559476330575059
2024-02-02T00:00:00,GREEN,RED,GREEN,91.6145059732746,30.40564355987646,14.477290892261058
2024-02-02T04:00:00,GREEN,GREEN,GREEN,35.15781187272301,37.553580367133314,4.310295623240622
2024-02-02T08:00:00,GREEN,GREEN,GREEN,36.005257670327104,9.186373481521168,1.2074286520373207
2024-02-02T12:00:00,GREEN,GREEN,GREEN,74.03208406757983,21.034730225291828,7.030209598250346
2024-02-02T16:00:00,YELLOW,GREEN,GREEN,60.79896724987031,29.260197335629385,13.262615232103055
2024-02-02T20:00:00,YELLOW,GREEN,GREEN,50.234078379910756,10.676706208692377,14.79283016993126
2024-02-03T00:00:00,GREEN,GREEN,GREEN,16.495824604737514,9.788315658988253,0.0344215604544873
2024-02-03T04:00:00,GREEN,GREEN,GREEN,62.494785761717374,34.57543973183026,3.429141019663562
2024-02-03T08:00:00,GREEN,GREEN,GREEN,34.77224750420428,38.99923034134748,4.366505441929799
2024-02-03T12:00:00,GREEN,GREEN,YELLOW,50.25130521901304,8.688901449818708,13.564041082008986
2024-02-03T16:00:00,GREEN,GREEN,GREEN,15.864045696924679,10.027285887579211,6.513347519554134
2024-02-03T20:00:00,GREEN,GREEN,GREEN,24.65644271311053,32.79210174294099,3.112603060862869
2024-02-04T00:00:00,GREEN,GREEN,GREEN,28.07162582670385,6.704794899931287,8.832088408309795
2024-02-04T04:00:00,GREEN,YELLOW,GREEN,65.91684845589754,26.932248155656637,4.225973350291574
2024-02-04T08:00:00,GREEN,GREEN,GREEN,88.25995364530343,28.224886700301404,11.841622219240508
2024-02-04T12:00:00,RED,GREEN,YELLOW,12.449618135670892,24.08183565435643,3.4173467193121274
2024-02-04T16:00:00,GREEN,GREEN,GREEN,85.24472993318436,36.19726531633215,8.161083261343764
2024-02-04T20:00:00,GREEN,GREEN,GREEN,74.15480857904936,9.403198838933733,5.972829173155756
2024-02-05T00:00:00,GREEN,GREEN,GREEN,78.46024154788533,43.85300052647459,12.558821702981158
2024-02-05T04:00:00,GREEN,GREEN,GREEN,67.08218012222986,11.318480865012619,3.91092641331088
2024-02-05T08:00:00,GREEN,GREEN,GREEN,46.649467844302144,15.971088185152203,2.2546722602875007
2024-02-05T12:00:00,GREEN,RED,GREEN,59.75768528880195,28.513848953909964,10.126136431596283
2024-02-05T16:00:00,YELLOW,GREEN,GREEN,20.034721131398804,4.752181444958744,2.8969285707606405
2024-02-05T20:00:00,GREEN,GREEN,GREEN,10.466153855827669,26.989597648462063,8.304819921238575
2024-02-06T00:00:00,GREEN,GREEN,GREEN,61.95975499538866,35.2402870006352,5.368014460303716
2024-02-06T04:00:00,GREEN,GREEN,GREEN,60.993033081862734,23.20114746822931,3.8285899540198125
2024-02-06T08:00:00,GREEN,GREEN,GREEN,83.48397334905938,40.03148068656307,1.5916392462855866
2024-02-06T12:00:00,GREEN,GREEN,GREEN,30.334894153356633,27.185749620368245,4.229876456089955
2024-02-06T16:00:00,GREEN,RED,GREEN,18.543936201531928,15.679128637104741,5.13267967323972
2024-02-06T20:00:00,GREEN,GREEN,GREEN,15.519837352333147,10.660497029387903,3.032943270999873
2024-02-07T00:00:00,YELLOW,GREEN,GREEN,37.88864556918821,11.4756198447085,6.379765846850217
2024-02-07T04:00:00,GREEN,YELLOW,RED,61.88358239192251,40.28922838766869,4.595865728225375
2024-02-07T08:00:00,RED,GREEN,GREEN,42.604044910799175,19.302795590033604,13.785947958177175
2024-02-07T12:00:00,GREEN,GREEN,GREEN,66.35759301579165,6.639676287414038,0.32092849670771084
2024-02-07T16:00:00,GREEN,GREEN,RED,16.69575613863323,19.767046563010332,8.560136820388935
2024-02-07T20:00:00,RED,GREEN,GREEN,82.58092355136658,13.299109682791084,6.492715342581489
2024-02-08T00:00:00,YELLOW,GREEN,GREEN,51.50523749816396,38.096622148538444,13.173680345465021
2024-02-08T04:00:00,GREEN,GREEN,GREEN,24.426311699521296,39.439320092421426,0.997497042962317
2024-02-08T08:00:00,GREEN,RED,GREEN,82.18859986659572,42.97270596719968,9.245449004693644
2024-02-08T12:00:00,GREEN,YELLOW,YELLOW,70.53751216476942,36.407645977955454,8.46713162801715
2024-02-08T16:00:00,GREEN,GREEN,RED,90.33169949349985,27.025528154159783,6.691256510088704
2024-02-08T20:00:00,RED,GREEN,GREEN,13.114413990934395,44.5479216796028,4.919348171308365
2024-02-09T00:00:00,GREEN,GREEN,GREEN,44.43248303044707,44.16170764436164,8.470711380768837
2024-02-09T04:00:00,GREEN,GREEN,GREEN,48.020723720358546,2.5483525549378294,4.0630777568819285
2024-02-09T08:00:00,GREEN,GREEN,YELLOW,89.63561172913067,37.443970650458965,9.407302520970411
2024-02-09T12:00:00,GREEN,RED,GREEN,21.334601589011303,24.89687644856436,5.392944009106922
2024-02-09T16:00:00,GREEN,YELLOW,GREEN,33.39302717160514,4.483886706329724,7.501131950038799
2024-02-09T20:00:00,GREEN,GREEN,GREEN,43.467041857739446,15.159138667030742,12.376260192184294
2024-02-10T00:00:00,GREEN,GREEN,GREEN,41.2395818474018,4.038932764297506,11.633713719416363
2024-02-10T04:00:00,GREEN,RED,GREEN,24.469693159647406,15.205161161041767,5.922555144825771
2024-02-10T08:00:00,GREEN,GREEN,GREEN,47.49935531821541,3.372555683325582,9.43197045556538
2024-02-10T12:00:00,GREEN,GREEN,RED,24.550835310276035,32.15206524554403,6.756154583049944
2024-02-10T16:00:00,GREEN,GREEN,GREEN,32.7164516423297,32.87299146852168,5.072029004159525
2024-02-10T20:00:00,GREEN,GREEN,GREEN,36.69490381087257,37.70395966509821,4.2704182743562935
2024-02-11T00:00:00,GREEN,RED,GREEN,45.476918322822954,23.688323892849546,13.550541964118697
2024-02-11T04:00:00,GREEN,GREEN,GREEN,98.31037450149977,38.93057151340398,8.489185939317922
2024-02-11T08:00:00,YELLOW,GREEN,GREEN,67.69475236433874,19.659525200711855,14.73521421461561
2024-02-11T12:00:00,GREEN,GREEN,GREEN,54.987060931617954,7.475958236790126,8.797573441691188
2024-02-11T16:00:00,GREEN,GREEN,GREEN,19.88849452907833,44.15756090964615,2.346776206670988
2024-02-11T20:00:00,GREEN,GREEN,GREEN,63.20871082966766,30.384277565853104,13.825012359234936
2024-02-12T00:00:00,GREEN,GREEN,YELLOW,72.02420137885463,19.330439945225997,10.0154786948519
2024-02-12T04:00:00,GREEN,GREEN,GREEN,83.46957882379552,3.171991531687696,14.456991687541091
2024-02-12T08:00:00,GREEN,GREEN,GREEN,70.91881481493131,11.771367065144705,13.349754168036647
2024-02-12T12:00:00,GREEN,GREEN,GREEN,83.89072562136346,5.436039153062039,1.078459705265264
2024-02-12T16:00:00,GREEN,GREEN,RED,73.10826373240667,20.704385343878627,14.57398938598614
2024-02-12T20:00:00,GREEN,RED,GREEN,86.17266674152363,30.592905259643345,2.3703540380758046
2024-02-13T00:00:00,GREEN,YELLOW,GREEN,99.59513635802941,36.98747816311616,12.941653571268798
2024-02-13T04:00:00,GREEN,GREEN,GREEN,85.51435531894187,21.186551130126922,1.5269908307257367
2024-02-13T08:00:00,GREEN,GREEN,GREEN,63.33831020053245,42.218795219131145,8.277086410473723
2024-02-13T12:00:00,GREEN,GREEN,YELLOW,89.45628553040535,30.217453167574046,0.1076887374291352
2024-02-13T16:00:00,GREEN,GREEN,YELLOW,19.33512441226403,28.428377784944463,9.170505387920844
2024-02-13T20:00:00,GREEN,GREEN,GREEN,60.31829271904865,43.27483076015142,6.5111988743566815
2024-02-14T00:00:00,YELLOW,GREEN,GREEN,53.46632585916146,38.89427580799328,2.067398580293907
2024-02-14T04:00:00,GREEN,GREEN,GREEN,68.87980830316361,19.50906220311933,6.229901955371869
2024-02-14T08:00:00,GREEN,GREEN,GREEN,30.804664071064597,32.74961775101292,2.847274078924464
2024-02-14T12:00:00,GREEN,GREEN,YELLOW,97.47644129716655,39.57395732802908,9.031674004696239
2024-02-14T16:00:00,GREEN,GREEN,GREEN,83.54286826786259,12.687960959793335,7.859611116594581
2024-02-14T20:00:00,GREEN,GREEN,GREEN,82.4222627367876,28.91096907755607,11.383310538077811
2024-02-15T00:00:00,GREEN,GREEN,GREEN,41.88499702135711,44.11845166562592,7.896796548936393
2024-02-15T04:00:00,GREEN,GREEN,GREEN,43.69810459139018,8.062702303197051,13.716524803846587
2024-02-15T08:00:00,GREEN,GREEN,GREEN,60.343104639594365,24.610113308937688,9.31724336400029
2024-02-15T12:00:00,GREEN,GREEN,RED,26.1817023459715,26.559446694000496,1.680187566596999
2024-02-15T16:00:00,GREEN,GREEN,GREEN,44.081435131611975,34.08009276633747,6.529196429123111
2024-02-15T20:00:00,GREEN,GREEN,GREEN,77.18646100822272,8.301687507265163,11.495492369751872
2024-02-16T00:00:00,GREEN,GREEN,GREEN,86.53661283357832,2.2753058435132214,4.267705550570058
2024-02-16T04:00:00,YELLOW,GREEN,GREEN,42.0828920701405,9.934709523784552,8.534724467005564
2024-02-16T08:00:00,GREEN,GREEN,GREEN,42.26560851726692,12.209749910610027,0.05826854085122457
2024-02-16T12:00:00,GREEN,GREEN,GREEN,23.510564335110708,17.10102600838844,11.689723284077765
2024-02-16T16:00:00,GREEN,GREEN,GREEN,40.34117329241155,21.932032093763144,7.193446435488758
2024-02-16T20:00:00,GREEN,GREEN,GREEN,28.157991492813053,7.003759104502891,13.665391324339371
2024-02-17T00:00:00,GREEN,GREEN,GREEN,41.77433235809501,36.23351419588711,7.64374072065613
2024-02-17T04:00:00,GREEN,GREEN,GREEN,48.99104029984609,44.66769624808558,10.047127776635666
2024-02-17T08:00:00,RED,GREEN,GREEN,51.68037984319376,19.731176419189726,10.542527695535245
2024-02-17T12:00:00,GREEN,GREEN,GREEN,79.93902566504538,18.506101559531782,14.836403939336462
2024-02-17T16:00:00,GREEN,YELLOW,GREEN,88.3904731650292,28.93115435415467,4.116039636935395
2024-02-17T20:00:00,YELLOW,GREEN,GREEN,97.88429271392947,32.071164149290894,1.24021878397092
2024-02-18T00:00:00,GREEN,GREEN,GREEN,44.7379826010773,6.964912720527906,13.61219584073965
2024-02-18T04:00:00,GREEN,GREEN,GREEN,93.7708759267036,10.822999027986342,10.854816980595578
2024-02-18T08:00:00,GREEN,GREEN,GREEN,57.35523454465749,42.869175578419174,13.228354149608402
2024-02-18T12:00:00,GREEN,GREEN,GREEN,17.33843119912973,39.614921635826306,7.908000554043851
2024-02-18T16:00:00,GREEN,GREEN,GREEN,13.275851081561207,30.837879761341192,2.2178145954598567
2024-02-18T20:00:00,GREEN,GREEN,GREEN,73.19439081395208,16.240990416267454,7.881372384385928
2024-02-19T00:00:00,GREEN,GREEN,GREEN,40.79884761769392,33.66609975708493,13.922066638283491
2024-02-19T04:00:00,GREEN,GREEN,GREEN,53.94500591950196,29.11063578269361,12.020183863788253
2024-02-19T08:00:00,GREEN,GREEN,GREEN,23.54180737497782,27.90933641426711,5.023339764246436
2024-02-19T12:00:00,YELLOW,GREEN,GREEN,80.53129525609003,25.724419712036404,3.2709006605729316
2024-02-19T16:00:00,GREEN,GREEN,GREEN,48.731953740685896,7.222569846260424,14.923589558254381
2024-02-19T20:00:00,GREEN,GREEN,GREEN,86.27014593846532,15.30770384870985,8.314158220775335
2024-02-20T00:00:00,YELLOW,GREEN,GREEN,36.07341358075749,14.362439356145764,9.932663580539012
2024-02-20T04:00:00,GREEN,GREEN,YELLOW,31.76340105556713,25.314337244109623,4.37910490596533
2024-02-20T08:00:00,GREEN,GREEN,YELLOW,39.43825118009843,15.79405125580144,12.392465370261379
2024-02-20T12:00:00,GREEN,GREEN,GREEN,80.33220448486021,30.511751578891275,6.899872740077628
2024-02-20T16:00:00,GREEN,GREEN,YELLOW,69.77128354996438,22.093067600465826,5.116379264365208
2024-02-20T20:00:00,GREEN,GREEN,GREEN,87.06791094301612,28.788440073697704,13.360312294035174
2024-02-21T00:00:00,GREEN,GREEN,GREEN,88.13110618402395,34.690530033850955,2.7231505136793883
2024-02-21T04:00:00,GREEN,GREEN,GREEN,16.98747614826148,18.431794058560943,7.353386506816868
2024-02-21T08:00:00,GREEN,GREEN,YELLOW,74.6494461209683,22.496452439703383,9.159635001254914
2024-02-21T12:00:00,GREEN,GREEN,GREEN,48.216812607992274,43.08513916245615,9.715386900031916
2024-02-21T16:00:00,YELLOW,YELLOW,GREEN,49.488730704676634,29.478002680848963,12.855591784545773
2024-02-21T20:00:00,GREEN,GREEN,GREEN,16.3759688474699,13.99291651163913,7.146375647343575
2024-02-22T00:00:00,GREEN,YELLOW,YELLOW,45.92797843346656,10.097970899213406,0.9610236027524816
2024-02-22T04:00:00,GREEN,GREEN,RED,67.9322088944572,25.195890369778706,12.392315307799654
2024-02-22T08:00:00,GREEN,GREEN,GREEN,61.14264813016893,30.23170464025791,1.4063486625580068
2024-02-22T12:00:00,GREEN,GREEN,GREEN,40.81578847536363,19.3598434046394,0.4596276324630777
2024-02-22T16:00:00,GREEN,GREEN,GREEN,71.15875930387654,24.23562422556207,1.92773120577436
2024-02-22T20:00:00,YELLOW,GREEN,GREEN,90.00666616369394,6.675299195732734,8.457232900137157
2024-02-23T00:00:00,GREEN,GREEN,GREEN,48.566930737778804,14.35652755129198,7.144792405733355
2024-02-23T04:00:00,GREEN,GREEN,GREEN,71.96228693156455,43.29154048548308,3.7568219164932497
2024-02-23T08:00:00,GREEN,GREEN,GREEN,54.1805606003585,16.47022989704386,8.99385417213648
2024-02-23T12:00:00,GREEN,GREEN,GREEN,88.1455985912956,12.789710897419248,12.846795305520956
2024-02-23T16:00:00,GREEN,GREEN,GREEN,75.48021216755453,4.209854751654646,13.365815200679794
2024-02-23T20:00:00,GREEN,GREEN,GREEN,85.14521769691488,5.458424828059181,13.831274293810942
2024-02-24T00:00:00,GREEN,GREEN,GREEN,21.67256358157021,3.9760247026476008,14.669290400844748
2024-02-24T04:00:00,GREEN,GREEN,GREEN,31.210521566808698,12.9725941869468,11.206155713605838
2024-02-24T08:00:00,GREEN,YELLOW,GREEN,44.11891971283494,20.88018049634848,11.61854388970599
2024-02-24T12:00:00,GREEN,GREEN,GREEN,99.41118347256953,31.507839934795445,7.78698991960289
2024-02-24T16:00:00,GREEN,GREEN,YELLOW,54.62387035665373,23.504107357234734,5.323332189359881
2024-02-24T20:00:00,GREEN,GREEN,GREEN,57.605198861362354,31.163487343527578,13.033721153037108
2024-02-25T00:00:00,GREEN,GREEN,YELLOW,47.23000955824801,40.142392882320166,8.449342422695334
2024-02-25T04:00:00,GREEN,GREEN,GREEN,90.2825491469679,5.755697236771516,0.4596694936706647
2024-02-25T08:00:00,GREEN,GREEN,GREEN,39.507645226811206,36.84907423977088,8.472008219534132
2024-02-25T12:00:00,GREEN,GREEN,GREEN,45.50517181941354,42.848512959763966,13.801032090528
2024-02-25T16:00:00,GREEN,GREEN,GREEN,79.11670613444727,27.836009629350208,3.4522559369856576
2024-02-25T20:00:00,GREEN,GREEN,GREEN,70.6205923104763,20.9227364169551,14.201166439469382
2024-02-26T00:00:00,GREEN,GREEN,GREEN,62.346050472531886,39.116921678601,13.906536989208767
2024-02-26T04:00:00,YELLOW,GREEN,GREEN,69.47319333672314,12.35293514072654,9.921527518605087
2024-02-26T08:00:00,GREEN,GREEN,GREEN,47.183071364501735,15.121020417260857,13.390570620829696
2024-02-26T12:00:00,GREEN,GREEN,GREEN,76.24275381140814,38.84247369949586,8.474425973919647
2024-02-26T16:00:00,GREEN,GREEN,GREEN,98.09697682484352,29.584473580412006,6.046888659451351
2024-02-26T20:00:00,GREEN,GREEN,GREEN,55.29404162137308,19.036717898093634,13.529732074775534
2024-02-27T00:00:00,GREEN,GREEN,GREEN,39.99366426780409,21.331749134320603,13.886004886416089
2024-02-27T04:00:00,GREEN,YELLOW,GREEN,94.33925389121318,10.137875474515171,9.487091360966257
2024-02-27T08:00:00,GREEN,GREEN,GREEN,31.57900546864323,16.580505795897306,7.466244938289583
2024-02-27T12:00:00,GREEN,RED,GREEN,55.218956409071396,24.33884946457468,1.707351067323875
2024-02-27T16:00:00,GREEN,GREEN,GREEN,61.054977268818455,36.798020199907896,14.30232306818433
2024-02-27T20:00:00,YELLOW,GREEN,GREEN,97.65754921581339,40.25484071307876,11.887422751768185
2024-02-28T00:00:00,GREEN,GREEN,GREEN,48.54600784141849,17.84359657940665,6.974338106493732
2024-02-28T04:00:00,RED,GREEN,GREEN,21.237564130836404,13.586009607167613,6.896091334333169
2024-02-28T08:00:00,GREEN,GREEN,YELLOW,21.737329371620895,11.860033236306876,12.093108017986376
2024-02-28T12:00:00,YELLOW,GREEN,GREEN,11.62504551917302,1.8813642329634328,1.6028153111653292
2024-02-28T16:00:00,GREEN,GREEN,GREEN,78.89130721868628,8.705558741511688,1.2542103559155198
2024-02-28T20:00:00,GREEN,GREEN,YELLOW,26.37287406228476,30.133760159710988,11.678478382585018
2024-02-29T00:00:00,GREEN,GREEN,GREEN,94.9577126671937,9.377782708356388,9.086171726831601
2024-02-29T04:00:00,GREEN,GREEN,GREEN,96.88560837814852,21.16035280834541,6.243659957970705
2024-02-29T08:00:00,YELLOW,GREEN,GREEN,38.183061374428405,34.95621905700562,7.861567634347971
2024-02-29T12:00:00,GREEN,GREEN,GREEN,82.43473395463133,3.7153415824312925,9.970912917795816
2024-02-29T16:00:00,GREEN,GREEN,GREEN,29.4930754402081,5.795399897472531,5.603950821769553
2024-02-29T20:00:00,RED,GREEN,GREEN,80.04197946878054,4.893146186367367,2.7791804201876085
2024-03-01T00:00:00,GREEN,GREEN,GREEN,14.775314236024276,37.25925491489909,9.348228984485612
2024-03-01T04:00:00,GREEN,YELLOW,GREEN,84.79957703523449,8.879333912060721,0.05238005627158315
2024-03-01T08:00:00,GREEN,YELLOW,YELLOW,37.82755286144935,35.56137614223691,10.59740035362572
2024-03-01T12:00:00,GREEN,GREEN,GREEN,25.814176223325642,10.586735061615823,0.48178976732076495
2024-03-01T16:00:00,GREEN,GREEN,GREEN,12.613500284491856,40.120873830717876,9.515081680332672
2024-03-01T20:00:00,GREEN,GREEN,GREEN,39.2316809065335,0.3012556402780997,13.750927837243536
2024-03-02T00:00:00,RED,YELLOW,GREEN,63.278090225796035,21.21033545660814,9.29350194355848
2024-03-02T04:00:00,GREEN,GREEN,GREEN,67.50305003901295,41.216717284501705,2.7541630665490704
2024-03-02T08:00:00,GREEN,GREEN,GREEN,55.5055380874242,18.736382937226825,5.592293602273765
2024-03-02T12:00:00,GREEN,YELLOW,RED,94.18325508729343,31.84372497793812,9.39190283931334
2024-03-02T16:00:00,GREEN,GREEN,GREEN,51.065769380784104,9.553195551805388,7.197610863965107
2024-03-02T20:00:00,GREEN,GREEN,GREEN,52.241304277477276,42.18221952284324,5.200237760048598
2024-03-03T00:00:00,GREEN,GREEN,GREEN,74.44983609467727,44.71628508443497,9.551471332949347
2024-03-03T04:00:00,GREEN,GREEN,GREEN,18.952446318935277,35.436535462579776,5.600354240448609
2024-03-03T08:00:00,GREEN,GREEN,GREEN,17.864989822578817,18.212593485573297,1.7606004841673695
2024-03-03T12:00:00,GREEN,GREEN,YELLOW,34.24860025774116,36.76311216602223,7.828514371821995
2024-03-03T16:00:00,GREEN,GREEN,GREEN,46.46396640229109,33.411570017488195,9.816411214685228
2024-03-03T20:00:00,YELLOW,GREEN,GREEN,94.88459265893266,44.84574810600927,9.567228084435088
2024-03-04T00:00:00,GREEN,GREEN,GREEN,10.950973983633492,1.7217628062592767,12.812693548503097
2024-03-04T04:00:00,GREEN,GREEN,GREEN,76.46144852249613,30.402520388816402,8.56384896974395
2024-03-04T08:00:00,GREEN,GREEN,GREEN,33.187396625199256,16.45134646137247,11.9048651102872
2024-03-04T12:00:00,YELLOW,YELLOW,GREEN,82.09952201733127,21.302356672708264,3.4708532017500597
2024-03-04T16:00:00,GREEN,RED,GREEN,67.8959907142997,18.377509568180677,6.264990583140414
2024-03-04T20:00:00,GREEN,GREEN,GREEN,20.59304451772134,2.751944892268745,7.479882454516307
2024-03-05T00:00:00,GREEN,GREEN,GREEN,77.04120507767148,0.09462162500843918,7.880373906643036
2024-03-05T04:00:00,GREEN,GREEN,GREEN,20.443781109731642,5.991778010014887,9.890205658162836
2024-03-05T08:00:00,GREEN,GREEN,GREEN,54.52978079268272,15.91256490507447,10.390071051429175
2024-03-05T12:00:00,YELLOW,GREEN,GREEN,58.30658101771587,0.7123335667469222,9.971904158387813
2024-03-05T16:00:00,GREEN,GREEN,GREEN,47.886682632991786,1.1309502690931477,13.904486194903374
2024-03-05T20:00:00,GREEN,YELLOW,GREEN,80.1985695523336,19.61426669047513,2.202234821896342
2024-03-06T00:00:00,GREEN,GREEN,GREEN,19.735883331723794,24.827701954367875,5.567630776777847
2024-03-06T04:00:00,GREEN,GREEN,GREEN,61.40918099487198,14.482422502918576,3.9695180378266066
2024-03-06T08:00:00,GREEN,YELLOW,GREEN,92.2152142873302,11.972520173667268,10.423803497767734
2024-03-06T12:00:00,GREEN,GREEN,YELLOW,36.94266722933665,33.39687955333262,2.670125741617997
2024-03-06T16:00:00,GREEN,YELLOW,GREEN,72.52420117270125,30.784759619808717,11.757116643116792
2024-03-06T20:00:00,GREEN,GREEN,GREEN,13.056509428711987,26.267143015718474,8.72742698441529
2024-03-07T00:00:00,GREEN,GREEN,GREEN,91.66195415830354,32.88263523418912,6.821080098711412
2024-03-07T04:00:00,YELLOW,GREEN,GREEN,10.284386236939277,20.209330342782753,5.281800811976697
2024-03-07T08:00:00,GREEN,GREEN,GREEN,74.76862883392076,29.520747310806954,0.09058647141198917
2024-03-07T12:00:00,GREEN,GREEN,GREEN,12.707456415141383,8.106836356435664,13.91083558772873
2024-03-07T16:00:00,YELLOW,RED,GREEN,60.307948034183276,7.06968880526987,3.2124871463133675
2024-03-07T20:00:00,GREEN,GREEN,GREEN,89.89395272413353,29.599458321028955,6.008254910336067
2024-03-08T00:00:00,GREEN,GREEN,GREEN,48.284971103529,44.708743247585616,0.7767353051062659
2024-03-08T04:00:00,GREEN,YELLOW,GREEN,85.78816388231071,12.829069828529326,11.524822776847717
2024-03-08T08:00:00,GREEN,YELLOW,YELLOW,93.88820120387244,23.428919161101177,14.687395860597615
2024-03-08T12:00:00,GREEN,GREEN,GREEN,53.296916792455555,36.93925692041099,9.640476668558833
2024-03-08T16:00:00,GREEN,GREEN,YELLOW,72.81825910629561,42.670146300734444,2.5250201383314677
2024-03-08T20:00:00,GREEN,GREEN,GREEN,26.270223391595223,11.178465961818643,3.0505020896276465
2024-03-09T00:00:00,GREEN,GREEN,GREEN,51.434108134443704,17.319493038473116,10.245959318036407
2024-03-09T04:00:00,GREEN,GREEN,GREEN,74.36891107287106,9.036817874156904,0.5755316040439984
2024-03-09T08:00:00,GREEN,RED,RED,15.89224107521001,33.503000991856815,14.08670605333985
2024-03-09T12:00:00,GREEN,GREEN,GREEN,83.38511785309048,23.132785891419836,12.817758766244834
2024-03-09T16:00:00,GREEN,GREEN,GREEN,25.40357145785761,40.08037644805083,5.841206473606059
2024-03-09T20:00:00,GREEN,GREEN,GREEN,53.07840584182282,6.662696564638608,12.911741457324778
2024-03-10T00:00:00,RED,GREEN,GREEN,54.900265116939394,21.28235858977072,1.3295926343710556
2024-03-10T04:00:00,GREEN,YELLOW,GREEN,25.206423589519325,4.7145083455622965,12.43711295368288
2024-03-10T08:00:00,GREEN,GREEN,YELLOW,81.525074192679,15.580172714298888,14.717220506827864
2024-03-10T12:00:00,GREEN,GREEN,GREEN,82.87905842059928,33.24465918852414,13.834463030453252
2024-03-10T16:00:00,GREEN,YELLOW,GREEN,34.130731911952,43.395441818207644,13.092988270713807
2024-03-10T20:00:00,GREEN,GREEN,GREEN,44.496633830607,0.10414978298570632,1.1632294769396108
2024-03-11T00:00:00,GREEN,GREEN,GREEN,18.057886353073243,44.77723035414933,0.7552087670461921
2024-03-11T04:00:00,GREEN,GREEN,GREEN,18.25417980192293,36.06525047436836,6.088648859532427
2024-03-11T08:00:00,GREEN,GREEN,GREEN,56.14794054304001,37.42816915824262,9.331970357203078
2024-03-11T12:00:00,GREEN,GREEN,GREEN,64.85987196611457,36.36908661934174,5.6526447007591365
2024-03-11T16:00:00,GREEN,GREEN,GREEN,18.36386520935091,42.28841104102737,1.8358692986347103
2024-03-11T20:00:00,GREEN,GREEN,GREEN,74.52891064010139,7.836412393415478,2.9931059792742296
2024-03-12T00:00:00,GREEN,GREEN,YELLOW,22.959295456981348,14.02800613085815,12.370820336481952
2024-03-12T04:00:00,GREEN,GREEN,GREEN,14.931821883275914,44.739616506691654,6.02150372218646
2024-03-12T08:00:00,GREEN,GREEN,GREEN,62.44736660716417,24.454845262045268,5.918771572196752
2024-03-12T12:00:00,GREEN,GREEN,GREEN,92.2674679075864,17.796793110530153,7.457612288217316
2024-03-12T16:00:00,GREEN,GREEN,YELLOW,79.52479709282575,3.2926059927408464,4.1338143616550385
2024-03-12T20:00:00,GREEN,GREEN,GREEN,53.047324146569025,38.307104538384884,11.935564348577758
2024-03-13T00:00:00,GREEN,GREEN,GREEN,72.34389028862404,25.096115642321006,1.4075232794241415
2024-03-13T04:00:00,GREEN,RED,YELLOW,21.10625496762524,14.414342537215312,2.4716803463102632
2024-03-13T08:00:00,GREEN,GREEN,GREEN,71.69651619052132,41.78266971639092,7.035410242224019
2024-03-13T12:00:00,GREEN,GREEN,GREEN,75.33313266712697,24.627128292539272,5.0115388455261005
2024-03-13T16:00:00,RED,GREEN,GREEN,12.510927964607497,36.20472107678089,14.809295887147853
2024-03-13T20:00:00,GREEN,RED,GREEN,96.22178582350297,12.45980866933164,12.155653849845526
2024-03-14T00:00:00,GREEN,GREEN,GREEN,18.104091180425673,44.92949031586818,7.634136950401128
2024-03-14T04:00:00,GREEN,GREEN,GREEN,92.70872973658652,18.880265340473787,3.2588089543732393
2024-03-14T08:00:00,GREEN,GREEN,GREEN,75.83275625073613,31.365246987620733,0.3954131170125552
2024-03-14T12:00:00,GREEN,GREEN,GREEN,91.62816344890447,22.83098412880136,12.8263039599009
2024-03-14T16:00:00,YELLOW,GREEN,GREEN,63.32137723178178,3.8927182639591424,0.6233704985323152
2024-03-14T20:00:00,GREEN,GREEN,GREEN,27.750123415425357,43.43611866386153,8.076253847629292
2024-03-15T00:00:00,GREEN,GREEN,GREEN,53.300046152211465,4.103184922281064,13.894536607756454
2024-03-15T04:00:00,GREEN,GREEN,GREEN,84.29955500321019,31.25546970585804,10.907024864008136
2024-03-15T08:00:00,GREEN,GREEN,GREEN,32.7368359035151,20.95985690891455,6.976104056012458
2024-03-15T12:00:00,GREEN,GREEN,RED,12.81430346733994,9.44096630995591,0.38680746458668647
2024-03-15T16:00:00,GREEN,GREEN,GREEN,66.48025631982718,8.945420066278594,14.024829365889284
2024-03-15T20:00:00,GREEN,GREEN,GREEN,43.39260841902673,23.764453821052463,9.79490756541538
2024-03-16T00:00:00,YELLOW,YELLOW,GREEN,45.01816180562724,20.313654225822066,5.431949683455823
2024-03-16T04:00:00,GREEN,GREEN,GREEN,39.88298979246645,0.661670575248578,6.1466469189054855
2024-03-16T08:00:00,YELLOW,GREEN,GREEN,54.182466226679594,4.6774683347783235,11.566898539654945
2024-03-16T12:00:00,GREEN,GREEN,GREEN,45.588399381293726,2.0865995910017854,6.166249701830523
2024-03-16T16:00:00,GREEN,GREEN,YELLOW,43.02910108992982,30.51257637593485,9.480569077053996
2024-03-16T20:00:00,GREEN,YELLOW,YELLOW,36.75337189517839,7.770394619156071,8.79464442360506
2024-03-17T00:00:00,GREEN,GREEN,GREEN,99.71896667733682,27.061765829421663,13.512310855060056
2024-03-17T04:00:00,YELLOW,GREEN,GREEN,61.68832552813292,9.506016301497562,14.90688725989032
2024-03-17T08:00:00,GREEN,GREEN,GREEN,90.4155734251943,3.0972721781346406,10.796589894435368
2024-03-17T12:00:00,GREEN,GREEN,YELLOW,82.29572333264056,7.1335882233480925,7.107937020756581
2024-03-17T16:00:00,GREEN,GREEN,RED,68.92025957440757,36.6972988723936,6.950319628031038
2024-03-17T20:00:00,GREEN,GREEN,YELLOW,55.97008744701753,35.3776676276861,10.864720559124288
2024-03-18T00:00:00,GREEN,GREEN,GREEN,10.300840602144083,5.539876121795154,5.683310194194889
2024-03-18T04:00:00,YELLOW,GREEN,GREEN,43.7272673842928,41.66555083781796,9.207639469381032
2024-03-18T08:00:00,GREEN,GREEN,GREEN,30.864015108851156,24.926268617371797,6.126861049861759
2024-03-18T12:00:00,GREEN,GREEN,YELLOW,10.351508349645306,13.652531304884278,2.5943699304165033
2024-03-18T16:00:00,GREEN,GREEN,GREEN,32.01850115631694,34.35262495840924,6.2739971261679575
2024-03-18T20:00:00,GREEN,GREEN,GREEN,33.752054475215544,6.572854981631947,0.8837201144915596
2024-03-19T00:00:00,GREEN,GREEN,GREEN,80.58934365152747,16.514527903456507,2.586887709856949
2024-03-19T04:00:00,GREEN,YELLOW,GREEN,67.21998449198902,28.11870753429761,5.508466925491649
2024-03-19T08:00:00,GREEN,RED,GREEN,81.91514333490406,32.592159111968414,11.179902944143292
2024-03-19T12:00:00,YELLOW,GREEN,GREEN,38.40605423153963,26.45833761987153,12.583476042695747
2024-03-19T16:00:00,GREEN,GREEN,GREEN,73.6252546281051,43.8773439606793,9.484531737562717
2024-03-19T20:00:00,GREEN,GREEN,GREEN,28.299082764362762,7.691212157430859,7.669016087137216
2024-03-20T00:00:00,GREEN,GREEN,GREEN,10.597898893075678,32.62077830460585,13.900092664356936
2024-03-20T04:00:00,GREEN,GREEN,GREEN,15.886061369094605,23.07406959624456,14.898293762938813
2024-03-20T08:00:00,GREEN,GREEN,GREEN,12.111339691531954,29.320713202927834,3.9181946879415612
2024-03-20T12:00:00,GREEN,GREEN,YELLOW,22.506091481120517,0.8064142277431757,14.458257911434234
2024-03-20T16:00:00,GREEN,GREEN,GREEN,97.5668975468421,37.21477376677113,2.055696411657415
2024-03-20T20:00:00,GREEN,GREEN,GREEN,91.22228713807148,1.0402023960063582,13.001727293370115
2024-03-21T00:00:00,GREEN,YELLOW,GREEN,76.37910182523323,12.463821954971225,6.838658535295569
2024-03-21T04:00:00,GREEN,GREEN,GREEN,95.98327273385095,41.25875899841138,13.90846036095582
2024-03-21T08:00:00,GREEN,GREEN,GREEN,74.69659878667761,34.79531673277198,6.370036300531254
2024-03-21T12:00:00,RED,GREEN,YELLOW,61.24081196893151,27.217824185319987,7.431708470829824
2024-03-21T16:00:00,GREEN,GREEN,GREEN,53.50329999958704,5.9963989617059195,4.0423107164341
2024-03-21T20:00:00,GREEN,GREEN,GREEN,18.207344328663332,25.514606048978603,6.950702441979048
2024-03-22T00:00:00,GREEN,GREEN,GREEN,64.50161151991662,25.755240003466906,10.259386908723362
2024-03-22T04:00:00,YELLOW,GREEN,YELLOW,97.81542731317249,6.447354989855426,1.611102912362804
2024-03-22T08:00:00,GREEN,YELLOW,RED,42.327989129857976,43.770521163022174,10.798058601173473
2024-03-22T12:00:00,GREEN,GREEN,GREEN,75.91663433602645,0.08266262638006339,11.471597374905482
2024-03-22T16:00:00,YELLOW,YELLOW,GREEN,87.14580294701432,13.99924484776701,14.005657503265674
2024-03-22T20:00:00,GREEN,GREEN,GREEN,95.0906153993141,8.049467583436023,1.0438024032246895
2024-03-23T00:00:00,GREEN,GREEN,GREEN,20.66863327230383,42.96854752866134,8.212521341837443
2024-03-23T04:00:00,YELLOW,GREEN,GREEN,62.95742495447553,8.185776885523577,0.9525538204223988
2024-03-23T08:00:00,YELLOW,GREEN,GREEN,56.27650559215393,23.214157455593195,13.643456282993686
2024-03-23T12:00:00,GREEN,GREEN,GREEN,90.24235778845194,43.374595369786775,4.255692678548984
2024-03-23T16:00:00,GREEN,GREEN,YELLOW,26.292782949247428,43.887561625118856,7.404068591021232
2024-03-23T20:00:00,GREEN,GREEN,GREEN,86.64822032799921,11.225992077975027,3.6109699493559324
2024-03-24T00:00:00,GREEN,GREEN,GREEN,62.25527566968643,36.427728014841776,11.653150408181693
2024-03-24T04:00:00,GREEN,GREEN,YELLOW,56.666792840171006,8.819151913419814,0.9400437438179077
