occurred_at,event_id,phase,is_producing,phase_started_at,phase_production_ended_at,phase_ended_at,location,pgv_max,magnitude,hourly_seismicity_rate,distance_to_fault,x,y,z
2024-01-01 21:00:00.000,1,13.2,False,2024-01-01 12:00:00,2024-06-01 12:00:00,2024-12-31 12:00:00,POINT Z (202574.68261110783 214819.21157930235 -3983.4558004643177),0.01525727671938712,1.6268037316286321,4,1518.795354736775,202574.68261110783,214819.21157930235,-3983.4558004643177
2024-01-05 06:00:00.000,2,0.01,False,2024-01-01 12:00:00,2024-06-01 12:00:00,2024-12-31 12:00:00,POINT Z (201833.11007023638 214197.2355080865 -3761.0019689482156),0.030328298089332753,0.2122545241714442,4,920.4428469937886,201833.11007023638,214197.2355080865,-3761.0019689482156
2024-01-06 03:00:00.000,3,13.2,False,2024-01-01 12:00:00,2024-06-01 12:00:00,2024-12-31 12:00:00,POINT Z (201702.30583786164 214782.7860276623 -3627.834769647797),0.029759816802726574,2.264186619283431,1,1893.7915207167528,201702.30583786164,214782.7860276623,-3627.834769647797
2024-01-07 14:00:00.000,4,12.4,True,2024-01-01 12:00:00,2024-06-01 12:00:00,2024-12-31 12:00:00,POINT Z (201148.04842637273 214428.89392737325 -3584.7556771194695),0.013289593638037986,1.145193405546029,1,1360.3112211354342,201148.04842637273,214428.89392737325,-3584.7556771194695
2024-01-08 14:00:00.000,5,0.01,False,2024-01-01 12:00:00,2024-06-01 12:00:00,2024-12-31 12:00:00,POINT Z (201250.11944132575 214581.07099283946 -3505.679845474074),0.01685355960980193,0.5908097533395549,4,943.5708122904539,201250.11944132575,214581.07099283946,-3505.679845474074
2024-01-08 20:00:00.000,6,12.4,True,2024-01-01 12:00:00,2024-06-01 12:00:00,2024-12-31 12:00:00,POINT Z (201411.90935419998 214789.80198298715 -3586.1990177308517),0.0058303382235392635,1.1146649911351831,1,1700.6846149173953,201411.90935419998,214789.80198298715,-3586.1990177308517
2024-01-09 01:00:00.000,7,12.4,True,2024-01-01 12:00:00,2024-06-01 12:00:00,2024-12-31 12:00:00,POINT Z (201543.83609053394 214368.47741807252 -3690.857115995223),0.013756066870681649,2.2330738930435516,0,1766.7213644991557,201543.83609053394,214368.47741807252,-3690.857115995223
2024-01-17 21:00:00.000,8,13.2,False,2024-01-01 12:00:00,2024-06-01 12:00:00,2024-12-31 12:00:00,POINT Z (201617.76875498926 214098.55257962033 -3517.3006916453232),0.028749865902745537,0.03568504847892129,4,1422.3657087421614,201617.76875498926,214098.55257962033,-3517.3006916453232
2024-01-19 08:00:00.000,9,0.01,True,2024-01-01 12:00:00,2024-06-01 12:00:00,2024-12-31 12:00:00,POINT Z (201332.4569433921 214385.66223416626 -3893.7720086467993),0.022109006985580697,1.708001995551173,0,1767.8519877669114,201332.4569433921,214385.66223416626,-3893.7720086467993
2024-01-22 11:00:00.000,10,0.01,True,2024-01-01 12:00:00,2024-06-01 12:00:00,2024-12-31 12:00:00,POINT Z (202286.85529441774 214313.61942491468 -3979.1092042644495),0.009320391010350534,0.16004458020122025,1,1680.314144976749,202286.85529441774,214313.61942491468,-3979.1092042644495
2024-01-29 19:00:00.000,11,12.4,False,2024-01-01 12:00:00,2024-06-01 12:00:00,2024-12-31 12:00:00,POINT Z (202412.6065607972 214870.6501138367 -3516.652927284651),0.04018000694713416,-0.24841240542598486,2,1751.7452519233461,202412.6065607972,214870.6501138367,-3516.652927284651
2024-01-30 11:00:00.000,12,12.4,False,2024-01-01 12:00:00,2024-06-01 12:00:00,2024-12-31 12:00:00,POINT Z (201184.41354079667 214656.55843909725 -3527.095308250489),0.026881764502159892,-0.3117483676093149,4,818.4712303705805,201184.41354079667,214656.55843909725,-3527.095308250489
2024-02-01 22:00:00.000,13,0.01,True,2024-01-01 12:00:00,2024-06-01 12:00:00,2024-12-31 12:00:00,POINT Z (202108.8914281031 214010.61951645243 -3864.148310861499),0.007546456150053581,0.9635144204945512,2,964.1244682344154,202108.8914281031,214010.61951645243,-3864.148310861499
2024-02-09 09:00:00.000,14,12.4,True,2024-01-01 12:00:00,2024-06-01 12:00:00,2024-12-31 12:00:00,POINT Z (201881.5692981743 214462.15081509753 -3924.7247633959396),0.045149360706457524,0.6320834277172929,3,1726.5752646706376,201881.5692981743,214462.15081509753,-3924.7247633959396
2024-02-11 19:00:00.000,15,13.2,True,2024-01-01 12:00:00,2024-06-01 12:00:00,2024-12-31 12:00:00,POINT Z (201205.1329376372 214676.17350200645 -3607.478443899758),0.02362882113227119,-0.684357132807869,3,930.2793843728402,201205.1329376372,214676.17350200645,-3607.478443899758
2024-02-15 12:00:00.000,16,13.2,False,2024-01-01 12:00:00,2024-06-01 12:00:00,2024-12-31 12:00:00,POINT Z (201926.9738399301 214233.6674485133 -3905.027658984751),0.03897452447731875,2.242852747745294,0,544.9601817647202,201926.9738399301,214233.6674485133,-3905.027658984751
2024-02-17 05:00:00.000,17,0.01,True,2024-01-01 12:00:00,2024-06-01 12:00:00,2024-12-31 12:00:00,POINT Z (202453.04797451536 214437.49559278018 -3636.93002618327),0.02643855130050993,1.4026403138001613,3,1958.5663861130113,202453.04797451536,214437.49559278018,-3636.93002618327
2024-02-19 03:00:00.000,18,12.4,False,2024-01-01 12:00:00,2024-06-01 12:00:00,2024-12-31 12:00:00,POINT Z (201477.07567403725 214844.04972878177 -3748.3693263511936),0.03900168383079745,1.8958325384223196,0,714.4666824352479,201477.07567403725,214844.04972878177,-3748.3693263511936
2024-02-23 11:00:00.000,19,0.01,True,2024-01-01 12:00:00,2024-06-01 12:00:00,2024-12-31 12:00:00,POINT Z (202819.17415875138 214931.14211870928 -3766.491611778386),0.036555772545251296,-0.8526559179554319,4,1251.495861040437,202819.17415875138,214931.14211870928,-3766.491611778386
2024-02-26 17:00:00.000,20,12.4,False,2024-01-01 12:00:00,2024-06-01 12:00:00,2024-12-31 12:00:00,POINT Z (201655.6542031432 214060.25867495264 -3534.0300120470315),0.005734225701030545,0.3216762449138273,0,1028.4017659041792,201655.6542031432,214060.25867495264,-3534.0300120470315
2024-02-28 05:00:00.000,21,12.4,True,2024-01-01 12:00:00,2024-06-01 12:00:00,2024-12-31 12:00:00,POINT Z (202364.45806459215 214921.9109250327 -3737.807466094551),0.033556749897979556,2.188814829730781,4,1153.080698179966,202364.45806459215,214921.9109250327,-3737.807466094551
2024-03-02 03:00:00.000,22,0.01,True,2024-01-01 12:00:00,2024-06-01 12:00:00,2024-12-31 12:00:00,POINT Z (202177.16574687007 214940.82045974446 -3554.644299233593),0.03959208992593245,1.272081968045946,2,1145.8235715123192,202177.16574687007,214940.82045974446,-3554.644299233593
2024-03-05 00:00:00.000,23,0.01,True,2024-01-01 12:00:00,2024-06-01 12:00:00,2024-12-31 12:00:00,POINT Z (202502.72247373278 214522.09377362282 -3993.6726728031867),0.04675152048906616,0.615655709607486,2,1909.8445406279302,202502.72247373278,214522.09377362282,-3993.6726728031867
2024-03-05 06:00:00.000,24,13.2,True,2024-01-01 12:00:00,2024-06-01 12:00:00,2024-12-31 12:00:00,POINT Z (202188.014278333 214731.0242410107 -3929.0124093066574),0.008267858140936356,0.9617690852819836,2,1772.5435151908455,202188.014278333,214731.0242410107,-3929.0124093066574
2024-03-05 14:00:00.000,25,12.4,False,2024-01-01 12:00:00,2024-06-01 12:00:00,2024-12-31 12:00:00,POINT Z (201494.4860804787 214885.54524299488 -3976.4125947552734),0.003990952019158856,1.9737980815034986,4,820.528471316836,201494.4860804787,214885.54524299488,-3976.4125947552734
2024-03-07 10:00:00.000,26,0.01,False,2024-01-01 12:00:00,2024-06-01 12:00:00,2024-12-31 12:00:00,POINT Z (202870.95670918335 214325.13851876548 -3502.1230850619895),0.024179933351239077,-0.8874880849142042,0,570.4998442402798,202870.95670918335,214325.13851876548,-3502.1230850619895
2024-03-09 13:00:00.000,27,0.01,False,2024-01-01 12:00:00,2024-06-01 12:00:00,2024-12-31 12:00:00,POINT Z (201323.2234816675 214233.24537930125 -3736.860414022931),0.0273507329138013,1.5090332587849136,0,1582.1822282518901,201323.2234816675,214233.24537930125,-3736.860414022931
2024-03-16 09:00:00.000,28,13.2,True,2024-01-01 12:00:00,2024-06-01 12:00:00,2024-12-31 12:00:00,POINT Z (201225.80561877225 214012.352651168 -3949.3961554889343),0.041773376239496667,1.1340813970210006,0,1418.5059463288567,201225.80561877225,214012.352651168,-3949.3961554889343
2024-03-22 00:00:00.000,29,0.01,True,2024-01-01 12:00:00,2024-06-01 12:00:00,2024-12-31 12:00:00,POINT Z (202438.37061420642 214155.83751515127 -3755.929641169372),0.03616377387905968,0.8448084258978872,3,739.172057246282,202438.37061420642,214155.83751515127,-3755.929641169372
2024-03-25 04:00:00.000,30,0.01,False,2024-01-01 12:00:00,2024-06-01 12:00:00,2024-12-31 12:00:00,POINT Z (201017.79766271144 214027.11133326238 -3938.265226602816),0.03694057913341047,0.5453000902400333,1,1937.582403671157,201017.79766271144,214027.11133326238,-3938.265226602816
2024-03-25 15:00:00.000,31,13.2,False,2024-01-01 12:00:00,2024-06-01 12:00:00,2024-12-31 12:00:00,POINT Z (202113.1745427446 214084.43130985854 -3551.997884807007),0.033484474595132256,0.6083416535481438,1,1677.5736050680548,202113.1745427446,214084.43130985854,-3551.997884807007
2024-03-26 04:00:00.000,32,13.2,False,2024-01-01 12:00:00,2024-06-01 12:00:00,2024-12-31 12:00:00,POINT Z (202204.4774031507 214129.43520823098 -3814.0220837618417),0.001891441907645059,1.5758332695877444,4,1483.487122771921,202204.4774031507,214129.43520823098,-3814.0220837618417
2024-03-28 12:00:00.000,33,12.4,False,2024-01-01 12:00:00,2024-06-01 12:00:00,2024-12-31 12:00:00,POINT Z (201886.23620116792 214319.36462748807 -3760.941152521999),0.015030553830463731,-0.30029151050458747,4,1113.372767288758,201886.23620116792,214319.36462748807,-3760.941152521999
2024-03-28 16:00:00.000,34,12.4,False,2024-01-01 12:00:00,2024-06-01 12:00:00,2024-12-31 12:00:00,POINT Z (202562.71025620936 214934.58457106154 -3899.990638243259),0.001310294664406839,2.1450342441615877,4,1386.2037027204499,202562.71025620936,214934.58457106154,-3899.990638243259
2024-03-30 09:00:00.000,35,0.01,True,2024-01-01 12:00:00,2024-06-01 12:00:00,2024-12-31 12:00:00,POINT Z (202389.7959403889 214655.82545139885 -3649.6052339756257),0.005595773555705113,1.4794535444238401,0,1481.9286749372213,202389.7959403889,214655.82545139885,-3649.6052339756257
2024-04-01 07:00:00.000,36,0.01,False,2024-01-01 12:00:00,2024-06-01 12:00:00,2024-12-31 12:00:00,POINT Z (202574.07181692487 214173.60729830066 -3855.1745913801064),0.037522137083151164,0.19072089597000952,4,1651.26023375228,202574.07181692487,214173.60729830066,-3855.1745913801064
2024-04-01 12:00:00.000,37,13.2,False,2024-01-01 12:00:00,2024-06-01 12:00:00,2024-12-31 12:00:00,POINT Z (202563.3244319602 214433.51656379495 -3835.9421891316724),0.02614132810229824,1.2038138650865045,4,1624.2927348460526,202563.3244319602,214433.51656379495,-3835.9421891316724
2024-04-02 08:00:00.000,38,12.4,True,2024-01-01 12:00:00,2024-06-01 12:00:00,2024-12-31 12:00:00,POINT Z (201116.68617780614 214095.6524506268 -3851.0698098111675),0.0342667056655697,1.1012524479814139,4,983.1891666119709,201116.68617780614,214095.6524506268,-3851.0698098111675
2024-04-03 13:00:00.000,39,12.4,False,2024-01-01 12:00:00,2024-06-01 12:00:00,2024-12-31 12:00:00,POINT Z (202388.36793215 214443.24226754854 -3724.956093597093),0.008898887771461257,2.1760666545112617,0,1097.8976714395048,202388.36793215,214443.24226754854,-3724.956093597093
2024-04-05 15:00:00.000,40,12.4,False,2024-01-01 12:00:00,2024-06-01 12:00:00,2024-12-31 12:00:00,POINT Z (202760.28283819035 214031.03761030646 -3913.548870565173),0.04427827848163284,2.333026055305665,4,1213.3095315289643,202760.28283819035,214031.03761030646,-3913.548870565173
2024-04-12 16:00:00.000,41,13.2,False,2024-01-01 12:00:00,2024-06-01 12:00:00,2024-12-31 12:00:00,POINT Z (201057.3887670334 214326.47043481615 -3827.345268374496),0.001436471495368886,0.0741729002875271,3,1897.0853151007407,201057.3887670334,214326.47043481615,-3827.345268374496
2024-04-16 09:00:00.000,42,13.2,False,2024-01-01 12:00:00,2024-06-01 12:00:00,2024-12-31 12:00:00,POINT Z (202051.4724469802 214959.85989824496 -3501.5124061121214),0.005255283923187462,1.1622791291090375,4,925.4313139421042,202051.4724469802,214959.85989824496,-3501.5124061121214
2024-04-18 17:00:00.000,43,13.2,True,2024-01-01 12:00:00,2024-06-01 12:00:00,2024-12-31 12:00:00,POINT Z (201549.105405351 214755.34546536472 -3963.8130658590994),0.019762951035165423,0.7871183336038472,0,1176.481369133322,201549.105405351,214755.34546536472,-3963.8130658590994
2024-04-21 07:00:00.000,44,0.01,False,2024-01-01 12:00:00,2024-06-01 12:00:00,2024-12-31 12:00:00,POINT Z (202456.37849729447 214093.6759648775 -3509.8282745867455),0.02606920559731526,1.6110912194765645,0,1938.693509969959,202456.37849729447,214093.6759648775,-3509.8282745867455
2024-04-24 08:00:00.000,45,0.01,False,2024-01-01 12:00:00,2024-06-01 12:00:00,2024-12-31 12:00:00,POINT Z (201251.1923487037 214099.3125163234 -3708.288264025727),0.011550999112878758,2.4615529899291007,1,1146.856816903592,201251.1923487037,214099.3125163234,-3708.288264025727
2024-04-24 09:00:00.000,46,13.2,True,2024-01-01 12:00:00,2024-06-01 12:00:00,2024-12-31 12:00:00,POINT Z (202714.92712470298 214617.96118259832 -3930.481537904547),0.026159551714620324,1.9712123830122916,1,1838.7043587548906,202714.92712470298,214617.96118259832,-3930.481537904547
2024-04-27 02:00:00.000,47,12.4,False,2024-01-01 12:00:00,2024-06-01 12:00:00,2024-12-31 12:00:00,POINT Z (201419.75275061524 214859.8002153078 -3504.4495325971634),0.010731118495465555,0.7445876161772511,3,1948.5759509486466,201419.75275061524,214859.8002153078,-3504.4495325971634
2024-04-28 23:00:00.000,48,13.2,True,2024-01-01 12:00:00,2024-06-01 12:00:00,2024-12-31 12:00:00,POINT Z (202445.4546983298 214342.12729986827 -3913.9332580916935),0.02181093880688809,1.646686733512884,2,1121.7828568133416,202445.4546983298,214342.12729986827,-3913.9332580916935
2024-05-05 11:00:00.000,49,13.2,False,2024-01-01 12:00:00,2024-06-01 12:00:00,2024-12-31 12:00:00,POINT Z (202362.2922221023 214151.6046844193 -3821.4378229413387),0.032275081594606264,0.4309479321426859,3,1774.5595732174431,202362.2922221023,214151.6046844193,-3821.4378229413387
2024-05-07 08:00:00.000,50,0.01,True,2024-01-01 12:00:00,2024-06-01 12:00:00,2024-12-31 12:00:00,POINT Z (202361.0123684181 214564.52109325642 -3600.2196851049925),0.016314154516255976,0.17418740827963197,0,1443.7972874027928,202361.0123684181,214564.52109325642,-3600.2196851049925
2024-05-11 13:00:00.000,51,12.4,True,2024-01-01 12:00:00,2024-06-01 12:00:00,2024-12-31 12:00:00,POINT Z (202246.086800711 214020.04253572036 -3943.4321913071203),0.009317949060874735,2.4111978667184024,0,1677.6917157104276,202246.086800711,214020.04253572036,-3943.4321913071203
2024-05-13 13:00:00.000,52,13.2,True,2024-01-01 12:00:00,2024-06-01 12:00:00,2024-12-31 12:00:00,POINT Z (202633.4794422845 214003.18044773827 -3840.6088341942373),0.048252935349180646,-0.42560522319799676,3,1317.2053005085838,202633.4794422845,214003.18044773827,-3840.6088341942373
2024-05-16 05:00:00.000,53,13.2,False,2024-01-01 12:00:00,2024-06-01 12:00:00,2024-12-31 12:00:00,POINT Z (201655.13375992677 214367.80439088057 -3748.9166230293504),0.016390610278314687,0.7828365229984804,3,1050.1708035573934,201655.13375992677,214367.80439088057,-3748.9166230293504
2024-05-19 13:00:00.000,54,0.01,False,2024-01-01 12:00:00,2024-06-01 12:00:00,2024-12-31 12:00:00,POINT Z (201149.29041359908 214647.03542740276 -3512.9201418016914),0.005149329315368345,1.7949605676519975,2,1951.4189252328335,201149.29041359908,214647.03542740276,-3512.9201418016914
2024-05-21 12:00:00.000,55,12.4,True,2024-01-01 12:00:00,2024-06-01 12:00:00,2024-12-31 12:00:00,POINT Z (202251.9447513388 214692.37692885203 -3812.6487396932603),0.03174417320900619,0.9385568328958185,3,1455.4719016741997,202251.9447513388,214692.37692885203,-3812.6487396932603
2024-05-28 10:00:00.000,56,13.2,True,2024-01-01 12:00:00,2024-06-01 12:00:00,2024-12-31 12:00:00,POINT Z (202986.2995375484 214308.91062376037 -3658.3075584839917),0.031020871485253426,1.148755711702945,3,962.4561884728798,202986.2995375484,214308.91062376037,-3658.3075584839917
2024-06-04 07:00:00.000,57,13.2,False,2024-01-01 12:00:00,2024-06-01 12:00:00,2024-12-31 12:00:00,POINT Z (202598.95162468802 214055.32584542132 -3721.4452295310275),0.0499991289814605,0.5268913692753225,0,783.7741618327273,202598.95162468802,214055.32584542132,-3721.4452295310275
2024-06-06 16:00:00.000,58,13.2,True,2024-01-01 12:00:00,2024-06-01 12:00:00,2024-12-31 12:00:00,POINT Z (202045.0726584604 214506.0913601 -3590.8957702240145),0.007789183721859263,-0.6185439473860158,3,819.9683975226142,202045.0726584604,214506.0913601,-3590.8957702240145
2024-06-08 00:00:00.000,59,0.01,False,2024-01-01 12:00:00,2024-06-01 12:00:00,2024-12-31 12:00:00,POINT Z (201196.98731603197 214517.6429776733 -3758.2161891420637),0.002322930003548377,0.9036400630728061,2,1510.124144898543,201196.98731603197,214517.6429776733,-3758.2161891420637
2024-06-09 17:00:00.000,60,12.4,True,2024-01-01 12:00:00,2024-06-01 12:00:00,2024-12-31 12:00:00,POINT Z (201055.4409259498 214805.4388671707 -3843.6699117484213),0.017851045304554405,-0.02205949071605451,4,1948.847880773679,201055.4409259498,214805.4388671707,-3843.6699117484213
2024-06-12 13:00:00.000,61,12.4,True,2024-01-01 12:00:00,2024-06-01 12:00:00,2024-12-31 12:00:00,POINT Z (202928.08779805512 214534.02984586408 -3583.746587317025),0.04286401068939422,-0.7099910931891247,0,1823.6070631615587,202928.08779805512,214534.02984586408,-3583.746587317025
2024-06-16 10:00:00.000,62,12.4,False,2024-01-01 12:00:00,2024-06-01 12:00:00,2024-12-31 12:00:00,POINT Z (201176.0229940999 214299.93341648285 -3727.961429183313),0.009092229140963134,1.1203522491924116,2,1280.217039657578,201176.0229940999,214299.93341648285,-3727.961429183313
2024-06-18 02:00:00.000,63,0.01,False,2024-01-01 12:00:00,2024-06-01 12:00:00,2024-12-31 12:00:00,POINT Z (201389.29850461628 214412.72246106595 -3771.6902342088997),0.014493322137326417,-0.1725723069251095,3,1190.6255280052562,201389.29850461628,214412.72246106595,-3771.6902342088997
2024-06-19 23:00:00.000,64,12.4,False,2024-01-01 12:00:00,2024-06-01 12:00:00,2024-12-31 12:00:00,POINT Z (202375.91579534288 214468.7049332177 -3604.4472546393445),0.009838787693454743,-0.38248168745773203,3,976.481669931803,202375.91579534288,214468.7049332177,-3604.4472546393445
2024-06-23 11:00:00.000,65,13.2,False,2024-01-01 12:00:00,2024-06-01 12:00:00,2024-12-31 12:00:00,POINT Z (202055.41751403964 214493.93483505768 -3642.519768474277),0.0289430050065212,-0.15276897603294015,1,837.1212038176686,202055.41751403964,214493.93483505768,-3642.519768474277
2024-06-26 17:00:00.000,66,13.2,True,2024-01-01 12:00:00,2024-06-01 12:00:00,2024-12-31 12:00:00,POINT Z (201140.8474303445 214427.01473164166 -3717.0497263031075),0.022495545852737532,0.9515250430484914,4,1121.3125194038644,201140.8474303445,214427.01473164166,-3717.0497263031075
2024-06-29 07:00:00.000,67,0.01,False,2024-01-01 12:00:00,2024-06-01 12:00:00,2024-12-31 12:00:00,POINT Z (202463.32507830785 214548.53258811892 -3835.422613880627),0.02604028021638549,0.5855160352621924,3,1771.0789744149995,202463.32507830785,214548.53258811892,-3835.422613880627
2024-06-29 19:00:00.000,68,13.2,False,2024-01-01 12:00:00,2024-06-01 12:00:00,2024-12-31 12:00:00,POINT Z (202444.2033294693 214081.57110924582 -3974.2044424310734),0.026187947904256974,1.8856284412642577,2,1687.0143286993625,202444.2033294693,214081.57110924582,-3974.2044424310734
2024-06-30 02:00:00.000,69,12.4,False,2024-01-01 12:00:00,2024-06-01 12:00:00,2024-12-31 12:00:00,POINT Z (201907.39621256504 214572.87813632312 -3874.0250386312655),0.03190790556968994,-0.1904454014785565,2,1052.6331157119616,201907.39621256504,214572.87813632312,-3874.0250386312655
2024-07-07 11:00:00.000,70,0.01,False,2024-01-01 12:00:00,2024-06-01 12:00:00,2024-12-31 12:00:00,POINT Z (201050.00742845025 214346.62265109213 -3730.311637051869),0.04424046248518206,-0.5827752996800273,1,1004.7031441628658,201050.00742845025,214346.62265109213,-3730.311637051869
2024-07-07 22:00:00.000,71,13.2,True,2024-01-01 12:00:00,2024-06-01 12:00:00,2024-12-31 12:00:00,POINT Z (201107.0459242528 214062.7103144238 -3725.4255371938107),0.011168157277677865,1.0438347816585405,0,1365.594726336104,201107.0459242528,214062.7103144238,-3725.4255371938107
2024-07-10 20:00:00.000,72,0.01,True,2024-01-01 12:00:00,2024-06-01 12:00:00,2024-12-31 12:00:00,POINT Z (202222.46636622385 214368.40928659958 -3864.545607727288),0.016108650468188556,2.337916639155103,4,551.1702389739968,202222.46636622385,214368.40928659958,-3864.545607727288
2024-07-12 11:00:00.000,73,13.2,True,2024-01-01 12:00:00,2024-06-01 12:00:00,2024-12-31 12:00:00,POINT Z (201918.18307741638 214745.54274290457 -3689.19793122383),0.02972154172136604,0.14128736887743654,0,772.6052001218078,201918.18307741638,214745.54274290457,-3689.19793122383
2024-07-19 16:00:00.000,74,0.01,False,2024-01-01 12:00:00,2024-06-01 12:00:00,2024-12-31 12:00:00,POINT Z (202157.7536420773 214121.59331688556 -3768.0627698951853),0.0035243348352929013,0.6711808797551262,1,1704.283266480965,202157.7536420773,214121.59331688556,-3768.0627698951853
2024-07-20 23:00:00.000,75,13.2,False,2024-01-01 12:00:00,2024-06-01 12:00:00,2024-12-31 12:00:00,POINT Z (202278.40400409052 214205.29142360244 -3873.632600188245),0.03210247031369887,1.8747910017186964,3,761.7833051788004,202278.40400409052,214205.29142360244,-3873.632600188245
2024-07-21 22:00:00.000,76,13.2,True,2024-01-01 12:00:00,2024-06-01 12:00:00,2024-12-31 12:00:00,POINT Z (202490.14946561237 214507.5107597819 -3862.051170042542),0.029271387911363876,-0.31576580408479415,1,690.2912827459256,202490.14946561237,214507.5107597819,-3862.051170042542
2024-07-22 14:00:00.000,77,0.01,False,2024-01-01 12:00:00,2024-06-01 12:00:00,2024-12-31 12:00:00,POINT Z (201889.64120509007 214563.4862060052 -3577.5059975878503),0.022373557041274368,1.8745478247631624,4,791.1127095326146,201889.64120509007,214563.4862060052,-3577.5059975878503
2024-07-27 18:00:00.000,78,13.2,True,2024-01-01 12:00:00,2024-06-01 12:00:00,2024-12-31 12:00:00,POINT Z (202818.34482148598 214099.37630862108 -3727.9114452936415),0.016816884508945418,0.3781954179636715,1,944.711637957332,202818.34482148598,214099.37630862108,-3727.9114452936415
2024-07-28 03:00:00.000,79,13.2,True,2024-01-01 12:00:00,2024-06-01 12:00:00,2024-12-31 12:00:00,POINT Z (201016.1271487707 214858.78153178148 -3788.8630360884595),0.006382872094426864,-0.811693623822039,3,602.4671491263608,201016.1271487707,214858.78153178148,-3788.8630360884595
2024-07-29 04:00:00.000,80,0.01,False,2024-01-01 12:00:00,2024-06-01 12:00:00,2024-12-31 12:00:00,POINT Z (202037.3811909615 214785.61630974448 -3517.556191161944),0.00561453517510566,1.900949397531166,3,1107.8589880181398,202037.3811909615,214785.61630974448,-3517.556191161944
2024-08-02 12:00:00.000,81,13.2,False,2024-01-01 12:00:00,2024-06-01 12:00:00,2024-12-31 12:00:00,POINT Z (202082.97478993217 214703.60828272486 -3841.364865774406),0.018623276603194485,0.22818999974295195,3,854.035909959658,202082.97478993217,214703.60828272486,-3841.364865774406
2024-08-03 09:00:00.000,82,13.2,False,2024-01-01 12:00:00,2024-06-01 12:00:00,2024-12-31 12:00:00,POINT Z (201805.15372005015 214325.04154987147 -3517.725661664109),0.0395394487862656,0.7475229877978777,1,758.2075671136059,201805.15372005015,214325.04154987147,-3517.725661664109
2024-08-04 20:00:00.000,83,0.01,True,2024-01-01 12:00:00,2024-06-01 12:00:00,2024-12-31 12:00:00,POINT Z (201789.4115779778 214149.30501635527 -3710.205008110177),0.036009891276800356,0.7695827051510975,1,562.2941934645938,201789.4115779778,214149.30501635527,-3710.205008110177
2024-08-04 23:00:00.000,84,12.4,True,2024-01-01 12:00:00,2024-06-01 12:00:00,2024-12-31 12:00:00,POINT Z (202625.88859368357 214357.42263310013 -3560.150241040968),0.01639958364977662,2.3027673968403723,3,1116.0145024276492,202625.88859368357,214357.42263310013,-3560.150241040968
2024-08-05 07:00:00.000,85,0.01,True,2024-01-01 12:00:00,2024-06-01 12:00:00,2024-12-31 12:00:00,POINT Z (202687.97058909573 214196.86294255636 -3906.0311149078525),0.018912051630040113,1.5488304929055716,3,1186.7384100923327,202687.97058909573,214196.86294255636,-3906.0311149078525
2024-08-08 05:00:00.000,86,0.01,True,2024-01-01 12:00:00,2024-06-01 12:00:00,2024-12-31 12:00:00,POINT Z (201971.8342975253 214126.139276528 -3700.5534320291326),0.02936233047197677,1.898725808260926,1,1304.8333657240248,201971.8342975253,214126.139276528,-3700.5534320291326
2024-08-08 09:00:00.000,87,13.2,True,2024-01-01 12:00:00,2024-06-01 12:00:00,2024-12-31 12:00:00,POINT Z (202915.2909429497 214793.47220076184 -3605.2530924972198),0.029190921088701267,0.9574683521931115,4,1442.807327400577,202915.2909429497,214793.47220076184,-3605.2530924972198
2024-08-09 14:00:00.000,88,12.4,True,2024-01-01 12:00:00,2024-06-01 12:00:00,2024-12-31 12:00:00,POINT Z (202032.08159426355 214431.78298929488 -3867.0564211826068),0.04280396981569748,1.525853082871842,2,1362.9233985042997,202032.08159426355,214431.78298929488,-3867.0564211826068
2024-08-12 04:00:00.000,89,12.4,True,2024-01-01 12:00:00,2024-06-01 12:00:00,2024-12-31 12:00:00,POINT Z (201643.93619618675 214320.65124402283 -3710.437496618213),0.0115745756795245,-0.24888463752945666,3,1804.0333016558784,201643.93619618675,214320.65124402283,-3710.437496618213
2024-08-13 17:00:00.000,90,0.01,False,2024-01-01 12:00:00,2024-06-01 12:00:00,2024-12-31 12:00:00,POINT Z (201291.86493102764 214492.1997055918 -3504.6809417699665),0.009691775783394706,-0.5839819764221136,1,1912.0441489643358,201291.86493102764,214492.1997055918,-3504.6809417699665
2024-08-19 13:00:00.000,91,0.01,False,2024-01-01 12:00:00,2024-06-01 12:00:00,2024-12-31 12:00:00,POINT Z (202621.0597675866 214388.519121409 -3929.4029045880297),0.007721979833177775,0.9308025478852562,4,578.1926431095624,202621.0597675866,214388.519121409,-3929.4029045880297
2024-08-27 15:00:00.000,92,12.4,False,2024-01-01 12:00:00,2024-06-01 12:00:00,2024-12-31 12:00:00,POINT Z (201803.4271322292 214106.40499152732 -3821.62430719207),0.014624274064102591,-0.22533651550020595,4,1590.7753609719832,201803.4271322292,214106.40499152732,-3821.62430719207
2024-08-27 23:00:00.000,93,13.2,True,2024-01-01 12:00:00,2024-06-01 12:00:00,2024-12-31 12:00:00,POINT Z (201723.74937816107 214532.8643003599 -3806.32028863501),0.01639967904366994,1.934688309360022,0,1934.904418754604,201723.74937816107,214532.8643003599,-3806.32028863501
2024-08-31 03:00:00.000,94,0.01,False,2024-01-01 12:00:00,2024-06-01 12:00:00,2024-12-31 12:00:00,POINT Z (202622.64200127477 214299.48057736942 -3946.4395508777607),0.02994427440967451,0.9072705862674879,3,1739.9826383382863,202622.64200127477,214299.48057736942,-3946.4395508777607
2024-09-04 07:00:00.000,95,13.2,True,2024-01-01 12:00:00,2024-06-01 12:00:00,2024-12-31 12:00:00,POINT Z (202325.83885879326 214520.2254321404 -3712.3128651301226),0.03502995983928892,0.018695080647799678,1,1174.8971241711147,202325.83885879326,214520.2254321404,-3712.3128651301226
2024-09-05 08:00:00.000,96,13.2,True,2024-01-01 12:00:00,2024-06-01 12:00:00,2024-12-31 12:00:00,POINT Z (201737.5370038348 214283.7946155745 -3923.205147198004),0.012241293000131648,-0.15281928949381252,3,865.1393699927585,201737.5370038348,214283.7946155745,-3923.205147198004
2024-09-05 08:00:00.000,97,13.2,False,2024-01-01 12:00:00,2024-06-01 12:00:00,2024-12-31 12:00:00,POINT Z (201712.82617366148 214079.5341398602 -3910.649412982488),0.013371743293854994,-0.8751496207560825,1,1325.3503990773825,201712.82617366148,214079.5341398602,-3910.649412982488
2024-09-05 11:00:00.000,98,13.2,True,2024-01-01 12:00:00,2024-06-01 12:00:00,2024-12-31 12:00:00,POINT Z (201136.85688154952 214902.97013559833 -3619.7382938980772),0.023910564340336168,-0.0783435471702616,1,1636.9981934601385,201136.85688154952,214902.97013559833,-3619.7382938980772
2024-09-05 11:00:00.000,99,13.2,False,2024-01-01 12:00:00,2024-06-01 12:00:00,2024-12-31 12:00:00,POINT Z (201535.06976402068 214747.33072815675 -3823.5418454977876),0.02382073777740001,1.746350898126603,3,902.3842933445562,201535.06976402068,214747.33072815675,-3823.5418454977876
2024-09-05 15:00:00.000,100,12.4,True,2024-01-01 12:00:00,2024-06-01 12:00:00,2024-12-31 12:00:00,POINT Z (201685.36666588808 214492.91639034267 -3852.9607292729493),0.022530188645496316,0.022443156757414373,4,1050.5677954621726,201685.36666588808,214492.91639034267,-3852.9607292729493
2024-09-06 09:00:00.000,101,13.2,False,2024-01-01 12:00:00,2024-06-01 12:00:00,2024-12-31 12:00:00,POINT Z (201535.79040546072 214131.63281359867 -3957.6143270306115),0.003294603341072937,0.8205815580236275,2,861.4016383276203,201535.79040546072,214131.63281359867,-3957.6143270306115
2024-09-07 10:00:00.000,102,13.2,True,2024-01-01 12:00:00,2024-06-01 12:00:00,2024-12-31 12:00:00,POINT Z (202711.7289456069 214856.86360823864 -3641.6607851332756),0.016028300870370216,2.204350883383188,2,1475.4382883500866,202711.7289456069,214856.86360823864,-3641.6607851332756
2024-09-09 19:00:00.000,103,0.01,False,2024-01-01 12:00:00,2024-06-01 12:00:00,2024-12-31 12:00:00,POINT Z (201279.6962741138 214681.98037348915 -3612.0395001011875),0.01679817082643522,-0.6811836907286195,2,1207.0805801928482,201279.6962741138,214681.98037348915,-3612.0395001011875
2024-09-10 00:00:00.000,104,12.4,True,2024-01-01 12:00:00,2024-06-01 12:00:00,2024-12-31 12:00:00,POINT Z (201537.3451745051 214557.94832072387 -3958.2755871530367),0.032258022066193964,1.7704779742241827,1,1902.4010153980046,201537.3451745051,214557.94832072387,-3958.2755871530367
2024-09-17 17:00:00.000,105,13.2,True,2024-01-01 12:00:00,2024-06-01 12:00:00,2024-12-31 12:00:00,POINT Z (201663.39157720853 214136.81943218998 -3869.8382303639837),0.005947876225069544,1.1626297372690892,1,1060.4380701409177,201663.39157720853,214136.81943218998,-3869.8382303639837
2024-09-19 09:00:00.000,106,13.2,True,2024-01-01 12:00:00,2024-06-01 12:00:00,2024-12-31 12:00:00,POINT Z (202675.26412616207 214018.4770053382 -3728.4743125921987),0.043667113511459396,1.7983902323289258,1,1752.0295218788042,202675.26412616207,214018.4770053382,-3728.4743125921987
2024-09-20 01:00:00.000,107,0.01,False,2024-01-01 12:00:00,2024-06-01 12:00:00,2024-12-31 12:00:00,POINT Z (202281.17495407528 214392.5396755592 -3981.9256493607713),0.024333001497244558,2.1015050510853857,3,873.9952311575273,202281.17495407528,214392.5396755592,-3981.9256493607713
2024-09-22 07:00:00.000,108,12.4,False,2024-01-01 12:00:00,2024-06-01 12:00:00,2024-12-31 12:00:00,POINT Z (201516.87586062824 214838.32036401954 -3995.2008632419197),0.014732391592980513,2.235285035350448,4,602.339873214224,201516.87586062824,214838.32036401954,-3995.2008632419197
2024-09-24 20:00:00.000,109,12.4,True,2024-01-01 12:00:00,2024-06-01 12:00:00,2024-12-31 12:00:00,POINT Z (201056.0975982174 214214.21153563858 -3937.1155967798354),0.023402514739954694,1.183682126313561,3,1559.3665131708833,201056.0975982174,214214.21153563858,-3937.1155967798354
2024-09-26 06:00:00.000,110,0.01,True,2024-01-01 12:00:00,2024-06-01 12:00:00,2024-12-31 12:00:00,POINT Z (202196.20867983057 214064.01078699098 -3512.9051736815245),0.035499387386832865,2.098870413271587,3,1301.0870681468182,202196.20867983057,214064.01078699098,-3512.9051736815245
2024-09-30 01:00:00.000,111,0.01,True,2024-01-01 12:00:00,2024-06-01 12:00:00,2024-12-31 12:00:00,POINT Z (202998.16403995402 214789.53332584148 -3639.9141335981094),0.04757138047430254,2.04102059565497,2,1837.5490226577374,202998.16403995402,214789.53332584148,-3639.9141335981094
2024-10-04 19:00:00.000,112,13.2,True,2024-01-01 12:00:00,2024-06-01 12:00:00,2024-12-31 12:00:00,POINT Z (201844.26159802463 214475.94543973776 -3902.0889200806782),0.027041515963081852,0.7894639321194563,3,1994.8013033226628,201844.26159802463,214475.94543973776,-3902.0889200806782
2024-10-06 09:00:00.000,113,12.4,False,2024-01-01 12:00:00,2024-06-01 12:00:00,2024-12-31 12:00:00,POINT Z (202269.9623254422 214273.9377966377 -3978.344354489025),0.025407111352268256,1.0308944663768536,0,596.9255505124156,202269.9623254422,214273.9377966377,-3978.344354489025
2024-10-07 02:00:00.000,114,0.01,True,2024-01-01 12:00:00,2024-06-01 12:00:00,2024-12-31 12:00:00,POINT Z (202929.15521280808 214221.10479875255 -3637.686745679095),0.024826564481124906,0.6731622873472227,1,1984.2297173841603,202929.15521280808,214221.10479875255,-3637.686745679095
2024-10-13 19:00:00.000,115,12.4,True,2024-01-01 12:00:00,2024-06-01 12:00:00,2024-12-31 12:00:00,POINT Z (201061.26204379383 214598.94703599816 -3957.249180063474),0.004014189675322627,1.8636408020717092,4,824.8405109154268,201061.26204379383,214598.94703599816,-3957.249180063474
2024-10-20 04:00:00.000,116,0.01,False,2024-01-01 12:00:00,2024-06-01 12:00:00,2024-12-31 12:00:00,POINT Z (201015.5905581614 214413.2166236386 -3569.9304934493966),0.04998698732403584,0.7080283179004598,0,1389.2632348932448,201015.5905581614,214413.2166236386,-3569.9304934493966
2024-10-26 12:00:00.000,117,13.2,False,2024-01-01 12:00:00,2024-06-01 12:00:00,2024-12-31 12:00:00,POINT Z (201323.84215638376 214433.29139656434 -3847.121681369973),0.03835501805175404,-0.3314699928258136,0,1478.0007422562653,201323.84215638376,214433.29139656434,-3847.121681369973
2024-10-28 02:00:00.000,118,12.4,True,2024-01-01 12:00:00,2024-06-01 12:00:00,2024-12-31 12:00:00,POINT Z (202924.3756136756 214592.36557338934 -3847.2430579899215),0.04067365081109115,1.535399480348278,1,857.4349039211329,202924.3756136756,214592.36557338934,-3847.2430579899215
2024-10-28 13:00:00.000,119,13.2,False,2024-01-01 12:00:00,2024-06-01 12:00:00,2024-12-31 12:00:00,POINT Z (202312.42835632697 214259.91913020072 -3635.9569221071365),0.040425814001860495,1.4137829127541268,0,1183.956758505618,202312.42835632697,214259.91913020072,-3635.9569221071365
2024-10-28 16:00:00.000,120,12.4,True,2024-01-01 12:00:00,2024-06-01 12:00:00,2024-12-31 12:00:00,POINT Z (202997.8915556436 214809.46490637498 -3983.903056238853),0.04394787936921042,1.4665017941820984,4,856.0859952118311,202997.8915556436,214809.46490637498,-3983.903056238853
2024-10-29 09:00:00.000,121,12.4,True,2024-01-01 12:00:00,2024-06-01 12:00:00,2024-12-31 12:00:00,POINT Z (201224.34820982788 214450.79454414113 -3703.3806624233785),0.01880250414213399,0.9602020522288117,0,1763.4191252587584,201224.34820982788,214450.79454414113,-3703.3806624233785
2024-10-31 03:00:00.000,122,0.01,False,2024-01-01 12:00:00,2024-06-01 12:00:00,2024-12-31 12:00:00,POINT Z (201202.63857477027 214105.39068968504 -3529.095669662802),0.04115484446301997,0.5485841227755166,2,1988.4280107579207,201202.63857477027,214105.39068968504,-3529.095669662802
2024-10-31 18:00:00.000,123,12.4,False,2024-01-01 12:00:00,2024-06-01 12:00:00,2024-12-31 12:00:00,POINT Z (201376.8910519692 214194.3962430132 -3750.7572929468242),0.002015471037250924,1.5491336483679308,3,1236.109555923975,201376.8910519692,214194.3962430132,-3750.7572929468242
2024-11-02 00:00:00.000,124,0.01,False,2024-01-01 12:00:00,2024-06-01 12:00:00,2024-12-31 12:00:00,POINT Z (202294.78480449735 214518.46714558636 -3826.6348887045474),0.01449957624597024,1.0591536630249059,0,1217.9997518870691,202294.78480449735,214518.46714558636,-3826.6348887045474
2024-11-02 15:00:00.000,125,12.4,False,2024-01-01 12:00:00,2024-06-01 12:00:00,2024-12-31 12:00:00,POINT Z (202733.32331074306 214167.7201699665 -3754.888868007891),0.02008574322097219,0.881539501009674,3,668.1208811697303,202733.32331074306,214167.7201699665,-3754.888868007891
2024-11-03 20:00:00.000,126,12.4,True,2024-01-01 12:00:00,2024-06-01 12:00:00,2024-12-31 12:00:00,POINT Z (201065.5563140418 214141.658277999 -3885.3006209235414),0.02281707477076275,1.1722236652478317,2,1447.2219692636622,201065.5563140418,214141.658277999,-3885.3006209235414
2024-11-10 07:00:00.000,127,13.2,False,2024-01-01 12:00:00,2024-06-01 12:00:00,2024-12-31 12:00:00,POINT Z (202742.2689141861 214493.55301121136 -3685.594854086922),0.011258959674514332,-0.4011816117918574,3,1526.0195214582952,202742.2689141861,214493.55301121136,-3685.594854086922
2024-11-11 14:00:00.000,128,12.4,False,2024-01-01 12:00:00,2024-06-01 12:00:00,2024-12-31 12:00:00,POINT Z (202044.5242427703 214595.9756632482 -3725.6688723888765),0.028320950477959354,2.1342991196857763,2,1918.3798094932308,202044.5242427703,214595.9756632482,-3725.6688723888765
2024-11-15 09:00:00.000,129,12.4,True,2024-01-01 12:00:00,2024-06-01 12:00:00,2024-12-31 12:00:00,POINT Z (201272.1404426755 214833.1945268347 -3500.84554986469),0.021388418361882523,0.6468319963741926,3,970.1194981503463,201272.1404426755,214833.1945268347,-3500.84554986469
2024-11-17 01:00:00.000,130,13.2,False,2024-01-01 12:00:00,2024-06-01 12:00:00,2024-12-31 12:00:00,POINT Z (202449.07628189187 214129.52145608066 -3570.983271487778),0.018300218000261465,0.21457988900309344,0,977.613850881375,202449.07628189187,214129.52145608066,-3570.983271487778
2024-11-17 09:00:00.000,131,0.01,False,2024-01-01 12:00:00,2024-06-01 12:00:00,2024-12-31 12:00:00,POINT Z (202466.5701928538 214647.10626746272 -3743.277665018576),0.02033132872485629,0.9762418445038812,4,1388.9826076757408,202466.5701928538,214647.10626746272,-3743.277665018576
2024-11-20 17:00:00.000,132,12.4,True,2024-01-01 12:00:00,2024-06-01 12:00:00,2024-12-31 12:00:00,POINT Z (202246.18417316888 214850.5008973087 -3975.905564253364),0.032289708382859036,1.4567708315368089,3,980.3781920505786,202246.18417316888,214850.5008973087,-3975.905564253364
2024-11-22 17:00:00.000,133,0.01,True,2024-01-01 12:00:00,2024-06-01 12:00:00,2024-12-31 12:00:00,POINT Z (202716.0430063558 214394.3703156284 -3948.3797338100917),0.047391649938106385,1.636465472968724,4,1806.4922006050665,202716.0430063558,214394.3703156284,-3948.3797338100917
2024-11-25 02:00:00.000,134,12.4,True,2024-01-01 12:00:00,2024-06-01 12:00:00,2024-12-31 12:00:00,POINT Z (201040.92981323227 214030.16888927898 -3877.3674659999106),0.013275561014887388,0.14645606289283153,4,551.3598593505287,201040.92981323227,214030.16888927898,-3877.3674659999106
2024-11-25 09:00:00.000,135,0.01,False,2024-01-01 12:00:00,2024-06-01 12:00:00,2024-12-31 12:00:00,POINT Z (201556.89260911787 214075.8922865925 -3819.6172190047146),0.02463760784689561,-0.3086565274802673,4,1582.5376278463475,201556.89260911787,214075.8922865925,-3819.6172190047146
2024-11-26 12:00:00.000,136,12.4,False,2024-01-01 12:00:00,2024-06-01 12:00:00,2024-12-31 12:00:00,POINT Z (201736.7695622271 214809.6508548511 -3834.4062104904074),0.03584977637078953,-0.5908243067695282,1,1895.0748437963578,201736.7695622271,214809.6508548511,-3834.4062104904074
2024-12-01 06:00:00.000,137,12.4,True,2024-01-01 12:00:00,2024-06-01 12:00:00,2024-12-31 12:00:00,POINT Z (201380.8668819878 214428.28726080162 -3944.8068189018163),0.03816658274571707,1.9096296007168654,3,649.6987854862226,201380.8668819878,214428.28726080162,-3944.8068189018163
2024-12-01 15:00:00.000,138,13.2,False,2024-01-01 12:00:00,2024-06-01 12:00:00,2024-12-31 12:00:00,POINT Z (201640.70908603817 214243.56122620424 -3786.1235793873543),0.01103222009973464,1.9826250394664138,0,1576.0839373219223,201640.70908603817,214243.56122620424,-3786.1235793873543
2024-12-03 04:00:00.000,139,12.4,False,2024-01-01 12:00:00,2024-06-01 12:00:00,2024-12-31 12:00:00,POINT Z (201699.21571815092 214795.874714121 -3709.5018896638217),0.0415810741106212,2.2853182901071514,4,553.7414726682482,201699.21571815092,214795.874714121,-3709.5018896638217
2024-12-11 13:00:00.000,140,12.4,False,2024-01-01 12:00:00,2024-06-01 12:00:00,2024-12-31 12:00:00,POINT Z (202697.71848861806 214481.10991133237 -3827.743364054754),0.040417379252271464,-0.27633873438031187,1,639.8284810283928,202697.71848861806,214481.10991133237,-3827.743364054754
2024-12-12 09:00:00.000,141,13.2,False,2024-01-01 12:00:00,2024-06-01 12:00:00,2024-12-31 12:00:00,POINT Z (202438.439939383 214088.68341765163 -3530.871092801991),0.011690358527523637,1.34677368586821,1,1436.725681304866,202438.439939383,214088.68341765163,-3530.871092801991
2024-12-12 11:00:00.000,142,12.4,True,2024-01-01 12:00:00,2024-06-01 12:00:00,2024-12-31 12:00:00,POINT Z (201306.5219143733 214673.92933637128 -3944.0389266348675),0.045765224069920556,1.6409001853766547,0,1276.4610118118399,201306.5219143733,214673.92933637128,-3944.0389266348675
2024-12-18 00:00:00.000,143,13.2,False,2024-01-01 12:00:00,2024-06-01 12:00:00,2024-12-31 12:00:00,POINT Z (201123.0617638751 214424.85741782552 -3931.4890919903714),0.004527065606123596,-0.01775148552470518,1,826.5555645259733,201123.0617638751,214424.85741782552,-3931.4890919903714
2024-12-18 03:00:00.000,144,0.01,False,2024-01-01 12:00:00,2024-06-01 12:00:00,2024-12-31 12:00:00,POINT Z (201766.05427090504 214137.13224804815 -3659.729347388234),0.014370279728825548,-0.14376391484653672,3,1317.0327867665055,201766.05427090504,214137.13224804815,-3659.729347388234
2024-12-18 16:00:00.000,145,0.01,False,2024-01-01 12:00:00,2024-06-01 12:00:00,2024-12-31 12:00:00,POINT Z (202837.25149698506 214050.00199643002 -3707.1708869348918),0.01597476097804585,-0.3792392906886358,0,1567.1684945642126,202837.25149698506,214050.00199643002,-3707.1708869348918
2024-12-22 05:00:00.000,146,12.4,True,2024-01-01 12:00:00,2024-06-01 12:00:00,2024-12-31 12:00:00,POINT Z (201415.05287919255 214397.08522873218 -3980.7990039547567),0.038784332089523504,2.2810541947453795,1,1144.9302924467074,201415.05287919255,214397.08522873218,-3980.7990039547567
2024-12-25 04:00:00.000,147,13.2,False,2024-01-01 12:00:00,2024-06-01 12:00:00,2024-12-31 12:00:00,POINT Z (201815.04863237424 214656.2069516221 -3709.2662731923656),0.034377830613754795,-0.6094352228329198,1,1381.0170579443125,201815.04863237424,214656.2069516221,-3709.2662731923656
2024-12-27 14:00:00.000,148,0.01,True,2024-01-01 12:00:00,2024-06-01 12:00:00,2024-12-31 12:00:00,POINT Z (202525.04694654144 214595.9224233717 -3868.156071166595),0.040321540603475106,1.4461734053830053,4,1795.4212545724156,202525.04694654144,214595.9224233717,-3868.156071166595
2024-12-29 14:00:00.000,149,0.01,True,2024-01-01 12:00:00,2024-06-01 12:00:00,2024-12-31 12:00:00,POINT Z (201003.93824351524 214019.05939759678 -3614.872445491443),0.028116236859603672,0.757297644359922,1,1756.9781054045825,201003.93824351524,214019.05939759678,-3614.872445491443
2024-12-30 10:00:00.000,150,13.2,True,2024-01-01 12:00:00,2024-06-01 12:00:00,2024-12-31 12:00:00,POINT Z (202536.61292708523 214908.70138535375 -3867.675160399553),0.01931559841379186,0.8167500948269144,1,615.2358333394988,202536.61292708523,214908.70138535375,-3867.675160399553
